batch_id,priority,asset_id,category,deliverable,gate,status,depends_on,notes
"ART-S1","P0","ui_bg_global","UI","全局背景","Palette|Scale|Bundle","READY_FOR_CONCEPT","ANCHOR_UI_01","首包"
"ART-S1","P0","ui_panel_modal","UI","通用弹窗9-slice","NineSlice|Palette|Readability","READY_FOR_CONCEPT","ANCHOR_UI_01","首包"
"ART-S1","P0","ui_btn_primary","UI","主按钮4状态","NineSlice|StateReadability","READY_FOR_CONCEPT","ANCHOR_UI_01","Normal/Pressed/Disabled/Attention"
"ART-S1","P0","ui_btn_secondary","UI","次按钮3状态","NineSlice|StateReadability","READY_FOR_CONCEPT","ANCHOR_UI_01","Normal/Pressed/Disabled"
"ART-S1","P0","ui_chip_energy","UI","体力Chip","Readability|Palette","READY_FOR_CONCEPT","ANCHOR_UI_01","首包"
"ART-S1","P0","ui_chip_coin","UI","金币Chip","Readability|Palette","READY_FOR_CONCEPT","ANCHOR_UI_01","首包"
"ART-S1","P0","ui_chip_gem","UI","钻石Chip","Readability|Palette","READY_FOR_CONCEPT","ANCHOR_UI_01","首包"
"ART-S1","P0","ui_card_order","UI","订单卡3状态","NineSlice|StateReadability","READY_FOR_CONCEPT","ANCHOR_UI_01","Normal/Ready/Submitted"
"ART-S1","P0","board_frame_9x7","Board","棋盘框","Scale|NineSlice|Palette","READY_FOR_CONCEPT","ANCHOR_BOARD_01","9x7"
"ART-S1","P0","board_cell_open","Board","开放格","Readability|Palette","READY_FOR_CONCEPT","ANCHOR_BOARD_01","76x76"
"ART-S1","P0","board_cell_locked","Board","锁定格","Readability|State","READY_FOR_CONCEPT","ANCHOR_BOARD_01","76x76"
"ART-S1","P0","board_shadow_item","Board","统一软阴影","Scale|Opacity","READY_FOR_CONCEPT","ANCHOR_ITEM_01","复用"
"ART-S1","P0","art_item_fanqie","BoardItem","番茄透明PNG","Readability64|Perspective|Outline","READY_FOR_CONCEPT","ANCHOR_ITEM_01","Day1"
"ART-S1","P0","art_item_caijiao","BoardItem","彩椒透明PNG","Readability64|Perspective|Outline","READY_FOR_CONCEPT","ANCHOR_ITEM_01","Day1"
"ART-S1","P0","art_item_mogu","BoardItem","蘑菇透明PNG","Readability64|Perspective|Outline","READY_FOR_CONCEPT","ANCHOR_ITEM_01","Day1"
"ART-S1","P0","art_item_lajiao","BoardItem","辣椒透明PNG","Readability64|Perspective|Outline","READY_FOR_CONCEPT","ANCHOR_ITEM_01","Day1"
"ART-S1","P0","art_item_congduan","BoardItem","葱段透明PNG","Readability64|Perspective|Outline","READY_FOR_CONCEPT","ANCHOR_ITEM_01","Day1"
"ART-S1","P0","art_item_huluobo","BoardItem","胡萝卜透明PNG","Readability64|Perspective|Outline","READY_FOR_CONCEPT","ANCHOR_ITEM_01","Day1"
"ART-S1","P0","art_item_yangcong","BoardItem","洋葱透明PNG","Readability64|Perspective|Outline","READY_FOR_CONCEPT","ANCHOR_ITEM_01","Day1"
"ART-S1","P0","art_item_kafeidou","BoardItem","咖啡豆透明PNG","Readability64|Perspective|Outline","READY_FOR_CONCEPT","ANCHOR_DRINK_01","Day2"
"ART-S1","P0","art_item_nongsuokafei","BoardItem","浓缩咖啡透明PNG","Readability64|Perspective|Outline","READY_FOR_CONCEPT","ANCHOR_DRINK_01","Day2"
"ART-S1","P0","art_item_kafei","BoardItem","咖啡透明PNG","Readability64|Perspective|Outline","READY_FOR_CONCEPT","ANCHOR_DRINK_01","Day2"
"ART-S1","P0","art_item_bianxiekafei","BoardItem","便携咖啡透明PNG","Readability64|Perspective|Outline","READY_FOR_CONCEPT","ANCHOR_DRINK_01","Day3"
"ART-S1","P0","art_item_bingkafei","BoardItem","冰咖啡透明PNG","Readability64|Perspective|Outline","READY_FOR_CONCEPT","ANCHOR_DRINK_01","Day4"
"ART-S1","P0","art_item_lvcha","BoardItem","绿茶透明PNG","Readability64|Perspective|Outline","READY_FOR_CONCEPT","ANCHOR_DRINK_01","Day4"
"ART-S1","P0","art_item_yumili","BoardItem","玉米粒透明PNG","Readability64|Perspective|Outline","READY_FOR_CONCEPT","ANCHOR_ITEM_01","Day4"
"ART-S1","P0","art_item_xiangcaojia","BoardItem","香草荚透明PNG","Readability64|Perspective|Outline","READY_FOR_CONCEPT","ANCHOR_ITEM_01","Day4"
"ART-S1","P0","art_item_yumi","BoardItem","玉米透明PNG","Readability64|Perspective|Outline","READY_FOR_CONCEPT","ANCHOR_ITEM_01","Day4"
"ART-S1","P0","art_item_xiangcaozi","BoardItem","香草籽透明PNG","Readability64|Perspective|Outline","READY_FOR_CONCEPT","ANCHOR_ITEM_01","Day4"
"ART-S1","P0","art_item_shengcai","BoardItem","生菜透明PNG","Readability64|Perspective|Outline","READY_FOR_CONCEPT","ANCHOR_ITEM_01","Day5"
"ART-S1","P0","art_item_chunniunai","BoardItem","纯牛奶透明PNG","Readability64|Perspective|Outline","READY_FOR_CONCEPT","ANCHOR_DRINK_01","Day5"
"ART-S1","P0","art_dish_shengcaishala","Dish","生菜沙拉透明PNG","Readability64|Perspective|FoodFocus","READY_FOR_CONCEPT","ANCHOR_DISH_01","Day5"
"ART-S1","P0","art_dish_tangbanfanqie","Dish","糖拌番茄透明PNG","Readability64|Perspective|FoodFocus","READY_FOR_CONCEPT","ANCHOR_DISH_01","早期"
"ART-S1","P0","art_dish_caijiaocuipian","Dish","彩椒脆片透明PNG","Readability64|Perspective|FoodFocus","READY_FOR_CONCEPT","ANCHOR_DISH_01","早期"
"ART-S1","P0","art_dish_junxiangzhishijuan","Dish","菌香芝士卷透明PNG","Readability64|Perspective|FoodFocus","READY_FOR_CONCEPT","ANCHOR_DISH_01","早期"
"ART-S1","P0","art_dish_shengqiehuluobotiao","Dish","生切胡萝卜条透明PNG","Readability64|Perspective|FoodFocus","READY_FOR_CONCEPT","ANCHOR_DISH_01","早期"
"ART-S1","P0","art_prod_kitchen_supply","Producer","厨房补给箱5状态","Silhouette|State|Scale","READY_FOR_CONCEPT","ANCHOR_PROD_01","垂直切片"
"ART-S1","P0","art_prod_coffee_counter","Producer","咖啡补给台5状态","Silhouette|State|Scale","READY_FOR_CONCEPT","ANCHOR_PROD_02","垂直切片"
"ART-S1","P0","art_prod_grain_crate","Producer","谷物补给箱5状态","Silhouette|State|Scale","READY_FOR_CONCEPT","ANCHOR_PROD_01","垂直切片"
"ART-S1","P0","art_prod_prep_supply","Producer","备菜耗材箱5状态","Silhouette|State|Scale","READY_FOR_CONCEPT","ANCHOR_PROD_01","垂直切片"
"ART-S1","P0","art_cook_drink_station","Cookware","饮品调制台4状态","Silhouette|State|Scale","READY_FOR_CONCEPT","ANCHOR_COOK_01","垂直切片"
"ART-S1","P0","fx_merge_common","VFX","合成通用FX","Performance|Readability","READY_FOR_CONCEPT","ANCHOR_FX_01","低端机降级"
"ART-S1","P0","fx_producer_spawn","VFX","生产通用FX","Performance|Readability","READY_FOR_CONCEPT","ANCHOR_FX_01","低端机降级"
"ART-S1","P0","fx_cook_ready","VFX","烹饪完成FX","Performance|Readability","READY_FOR_CONCEPT","ANCHOR_FX_01","低端机降级"
"ART-S2","P0","char_manager_001_canon_sheet","CharacterCanon","柚宁Canon Sheet","Canon|FaceConsistency|64px","READY_FOR_CONCEPT","ANCHOR_CHAR_01","先Canon再立绘/Spine"
"ART-S2","P0","char_guide_001_canon_sheet","CharacterCanon","团团Canon Sheet","Canon|FaceConsistency|64px","READY_FOR_CONCEPT","ANCHOR_CHAR_02","先Canon再立绘/Spine"
"ART-S2","P0","char_goose_001_canon_sheet","CharacterCanon","小满Canon Sheet","Canon|FaceConsistency|64px","READY_FOR_CONCEPT","ANCHOR_CHAR_03","先Canon再立绘/Spine"
"ART-S3","P0","street_01_build_01_before","Building","Street01建筑1 Before分层","Pivot|Perspective|Bounds","READY_FOR_CONCEPT","ANCHOR_BUILD_01","base/roof/sign/props/lights"
"ART-S3","P0","street_01_build_01_after","Building","Street01建筑1 After分层","Pivot|Perspective|Bounds","READY_FOR_CONCEPT","ANCHOR_BUILD_02","与Before共享Pivot/HitArea"
"ART-S1","P0","art_dish_baomihua","Dish","爆米花透明PNG","Readability64|Perspective|FoodFocus","READY_FOR_CONCEPT","ANCHOR_DISH_01","Day1-10运行时闭合"
"ART-S1","P0","art_dish_caomeiguolu","Dish","草莓果露透明PNG","Readability64|Perspective|FoodFocus","READY_FOR_CONCEPT","ANCHOR_DISH_01","Day1-10运行时闭合"
"ART-S1","P0","art_dish_pingguoguoyin","Dish","苹果果饮透明PNG","Readability64|Perspective|FoodFocus","READY_FOR_CONCEPT","ANCHOR_DISH_01","Day1-10运行时闭合"
"ART-S1","P0","art_dish_shoudaningmengzhi","Dish","手打柠檬汁透明PNG","Readability64|Perspective|FoodFocus","READY_FOR_CONCEPT","ANCHOR_DISH_01","Day1-10运行时闭合"
"ART-S1","P0","art_dish_xianzhalanmeizhi","Dish","鲜榨蓝莓汁透明PNG","Readability64|Perspective|FoodFocus","READY_FOR_CONCEPT","ANCHOR_DISH_01","Day1-10运行时闭合"
"ART-S1","P0","art_dish_zhenzhunaicha","Dish","珍珠奶茶透明PNG","Readability64|Perspective|FoodFocus","READY_FOR_CONCEPT","ANCHOR_DISH_01","Day1-10运行时闭合"
"ART-S1","P0","art_item_bingtang","BoardItem","冰糖透明PNG","Readability64|Perspective|Outline","READY_FOR_CONCEPT","ANCHOR_ITEM_01","Day1-10运行时闭合"
"ART-S1","P0","art_item_boliwan","BoardItem","玻璃碗透明PNG","Readability64|Perspective|Outline","READY_FOR_CONCEPT","ANCHOR_ITEM_01","Day1-10运行时闭合"
"ART-S1","P0","art_item_caomei","BoardItem","草莓透明PNG","Readability64|Perspective|Outline","READY_FOR_CONCEPT","ANCHOR_ITEM_01","Day1-10运行时闭合"
"ART-S1","P0","art_item_hongcha","BoardItem","红茶透明PNG","Readability64|Perspective|Outline","READY_FOR_CONCEPT","ANCHOR_DRINK_01","Day1-10运行时闭合"
"ART-S1","P0","art_item_huangyou","BoardItem","黄油透明PNG","Readability64|Perspective|Outline","READY_FOR_CONCEPT","ANCHOR_ITEM_01","Day1-10运行时闭合"
"ART-S1","P0","art_item_lanmei","BoardItem","蓝莓透明PNG","Readability64|Perspective|Outline","READY_FOR_CONCEPT","ANCHOR_ITEM_01","Day1-10运行时闭合"
"ART-S1","P0","art_item_ningmeng","BoardItem","柠檬透明PNG","Readability64|Perspective|Outline","READY_FOR_CONCEPT","ANCHOR_ITEM_01","Day1-10运行时闭合"
"ART-S1","P0","art_item_pingguo","BoardItem","苹果透明PNG","Readability64|Perspective|Outline","READY_FOR_CONCEPT","ANCHOR_ITEM_01","Day1-10运行时闭合"
"ART-S1","P0","art_item_shenhongkafei","BoardItem","深烘咖啡透明PNG","Readability64|Perspective|Outline","READY_FOR_CONCEPT","ANCHOR_DRINK_01","Day1-10运行时闭合"
"ART-S1","P0","art_item_tangjiang","BoardItem","糖浆透明PNG","Readability64|Perspective|Outline","READY_FOR_CONCEPT","ANCHOR_DRINK_01","Day1-10运行时闭合"
"ART-S1","P0","art_item_zhishipian","BoardItem","芝士片透明PNG","Readability64|Perspective|Outline","READY_FOR_CONCEPT","ANCHOR_ITEM_01","Day1-10运行时闭合"
"ART-S1","P0","art_prod_shucaileizi","Producer","蔬菜篮子多状态","Silhouette|State|Scale","READY_FOR_CONCEPT","ANCHOR_PROD_01","Day1-10运行时闭合"
"ART-S1","P0","art_prod_yinliaogui","Producer","饮料柜多状态","Silhouette|State|Scale","READY_FOR_CONCEPT","ANCHOR_PROD_02","Day1-10运行时闭合"
"ART-S1","P0","art_prod_shuiguolanzi","Producer","水果篮子多状态","Silhouette|State|Scale","READY_FOR_CONCEPT","ANCHOR_PROD_01","Day1-10运行时闭合"
"ART-S1","P0","art_cook_prep_station","Cookware","备菜台多状态","Silhouette|State|Scale","READY_FOR_CONCEPT","ANCHOR_COOK_01","Day1-10运行时闭合"
"ART-S2","P0","char_manager_001_avatar","CharacterAvatar","店长-柚宁头像","Canon|FaceConsistency|64px","READY_FOR_CONCEPT","ANCHOR_CHAR_01","Day1-10剧情/街区角色正式资产"
"ART-S2","P0","char_manager_001_story","CharacterStory","店长-柚宁剧情立绘","Canon|Expression|Crop","READY_FOR_CONCEPT","ANCHOR_CHAR_01","Day1-10剧情/街区角色正式资产"
"ART-S2","P0","char_manager_001_spine","CharacterNPC","店长-柚宁场景角色","Canon|MotionSilhouette|Performance","READY_FOR_CONCEPT","ANCHOR_CHAR_01","Day1-10剧情/街区角色正式资产"
"ART-S2","P0","char_guide_001_avatar","CharacterAvatar","引导鹅-团团头像","Canon|FaceConsistency|64px","READY_FOR_CONCEPT","ANCHOR_CHAR_02","Day1-10剧情/街区角色正式资产"
"ART-S2","P0","char_guide_001_story","CharacterStory","引导鹅-团团剧情立绘","Canon|Expression|Crop","READY_FOR_CONCEPT","ANCHOR_CHAR_02","Day1-10剧情/街区角色正式资产"
"ART-S2","P0","char_guide_001_spine","CharacterNPC","引导鹅-团团场景角色","Canon|MotionSilhouette|Performance","READY_FOR_CONCEPT","ANCHOR_CHAR_02","Day1-10剧情/街区角色正式资产"
"ART-S2","P0","char_goose_001_avatar","CharacterAvatar","肥鹅顾客001头像","Canon|FaceConsistency|64px","READY_FOR_CONCEPT","ANCHOR_CHAR_03","Day1-10剧情/街区角色正式资产"
"ART-S2","P0","char_goose_001_story","CharacterStory","小满剧情立绘","Canon|Expression|Crop","READY_FOR_CONCEPT","ANCHOR_CHAR_03","Day1-10剧情/街区角色正式资产"
"ART-S2","P0","char_goose_001_spine","CharacterNPC","肥鹅顾客001场景角色","Canon|MotionSilhouette|Performance","READY_FOR_CONCEPT","ANCHOR_CHAR_03","Day1-10剧情/街区角色正式资产"
"ART-S2","P0","char_goose_002_canon_sheet","CharacterCanon","主要顾客-栗子角色设定表","Canon|FaceConsistency|64px","READY_FOR_CONCEPT","ANCHOR_CHAR_03","Day1-10剧情角色Canon"
"ART-S2","P0","char_goose_002_avatar","CharacterAvatar","肥鹅顾客002头像","Canon|FaceConsistency|64px","READY_FOR_CONCEPT","ANCHOR_CHAR_03","Day1-10剧情/街区角色正式资产"
"ART-S2","P0","char_goose_002_story","CharacterStory","栗子剧情立绘","Canon|Expression|Crop","READY_FOR_CONCEPT","ANCHOR_CHAR_03","Day1-10剧情/街区角色正式资产"
"ART-S2","P0","char_goose_002_spine","CharacterNPC","肥鹅顾客002场景角色","Canon|MotionSilhouette|Performance","READY_FOR_CONCEPT","ANCHOR_CHAR_03","Day1-10剧情/街区角色正式资产"
"ART-S2","P0","char_goose_003_canon_sheet","CharacterCanon","主要顾客-果冻角色设定表","Canon|FaceConsistency|64px","READY_FOR_CONCEPT","ANCHOR_CHAR_03","Day1-10剧情角色Canon"
"ART-S2","P0","char_goose_003_avatar","CharacterAvatar","肥鹅顾客003头像","Canon|FaceConsistency|64px","READY_FOR_CONCEPT","ANCHOR_CHAR_03","Day1-10剧情/街区角色正式资产"
"ART-S2","P0","char_goose_003_story","CharacterStory","果冻剧情立绘","Canon|Expression|Crop","READY_FOR_CONCEPT","ANCHOR_CHAR_03","Day1-10剧情/街区角色正式资产"
"ART-S2","P0","char_goose_003_spine","CharacterNPC","肥鹅顾客003场景角色","Canon|MotionSilhouette|Performance","READY_FOR_CONCEPT","ANCHOR_CHAR_03","Day1-10剧情/街区角色正式资产"
"ART-S2","P0","char_goose_004_canon_sheet","CharacterCanon","主要顾客-阿麦角色设定表","Canon|FaceConsistency|64px","READY_FOR_CONCEPT","ANCHOR_CHAR_03","Day1-10剧情角色Canon"
"ART-S2","P0","char_goose_004_avatar","CharacterAvatar","肥鹅顾客004头像","Canon|FaceConsistency|64px","READY_FOR_CONCEPT","ANCHOR_CHAR_03","Day1-10剧情/街区角色正式资产"
"ART-S2","P0","char_goose_004_story","CharacterStory","阿麦剧情立绘","Canon|Expression|Crop","READY_FOR_CONCEPT","ANCHOR_CHAR_03","Day1-10剧情/街区角色正式资产"
"ART-S2","P0","char_goose_004_spine","CharacterNPC","肥鹅顾客004场景角色","Canon|MotionSilhouette|Performance","READY_FOR_CONCEPT","ANCHOR_CHAR_03","Day1-10剧情/街区角色正式资产"
"ART-S2","P0","char_goose_005_canon_sheet","CharacterCanon","主要顾客-豆花角色设定表","Canon|FaceConsistency|64px","READY_FOR_CONCEPT","ANCHOR_CHAR_03","Day1-10剧情角色Canon"
"ART-S2","P0","char_goose_005_avatar","CharacterAvatar","肥鹅顾客005头像","Canon|FaceConsistency|64px","READY_FOR_CONCEPT","ANCHOR_CHAR_03","Day1-10剧情/街区角色正式资产"
"ART-S2","P0","char_goose_005_story","CharacterStory","豆花剧情立绘","Canon|Expression|Crop","READY_FOR_CONCEPT","ANCHOR_CHAR_03","Day1-10剧情/街区角色正式资产"
"ART-S2","P0","char_goose_005_spine","CharacterNPC","肥鹅顾客005场景角色","Canon|MotionSilhouette|Performance","READY_FOR_CONCEPT","ANCHOR_CHAR_03","Day1-10剧情/街区角色正式资产"
"ART-S2","P0","char_goose_006_canon_sheet","CharacterCanon","主要顾客-山竹角色设定表","Canon|FaceConsistency|64px","READY_FOR_CONCEPT","ANCHOR_CHAR_03","Day1-10剧情角色Canon"
"ART-S2","P0","char_goose_006_avatar","CharacterAvatar","肥鹅顾客006头像","Canon|FaceConsistency|64px","READY_FOR_CONCEPT","ANCHOR_CHAR_03","Day1-10剧情/街区角色正式资产"
"ART-S2","P0","char_goose_006_story","CharacterStory","山竹剧情立绘","Canon|Expression|Crop","READY_FOR_CONCEPT","ANCHOR_CHAR_03","Day1-10剧情/街区角色正式资产"
"ART-S2","P0","char_goose_006_spine","CharacterNPC","肥鹅顾客006场景角色","Canon|MotionSilhouette|Performance","READY_FOR_CONCEPT","ANCHOR_CHAR_03","Day1-10剧情/街区角色正式资产"
"ART-S3","P0","street_01_build_02_before","Building","区域1建筑2改造前分层","Pivot|Perspective|Bounds","READY_FOR_CONCEPT","ANCHOR_BUILD_01","Day1-10建设节点完整覆盖"
"ART-S3","P0","street_01_build_02_after","Building","区域1建筑2改造后分层","Pivot|Perspective|Bounds","READY_FOR_CONCEPT","ANCHOR_BUILD_02","Day1-10建设节点完整覆盖"
"ART-S3","P0","street_01_build_03_before","Building","区域1建筑3改造前分层","Pivot|Perspective|Bounds","READY_FOR_CONCEPT","ANCHOR_BUILD_01","Day1-10建设节点完整覆盖"
"ART-S3","P0","street_01_build_03_after","Building","区域1建筑3改造后分层","Pivot|Perspective|Bounds","READY_FOR_CONCEPT","ANCHOR_BUILD_02","Day1-10建设节点完整覆盖"
"ART-S3","P0","street_01_build_04_before","Building","区域1建筑4改造前分层","Pivot|Perspective|Bounds","READY_FOR_CONCEPT","ANCHOR_BUILD_01","Day1-10建设节点完整覆盖"
"ART-S3","P0","street_01_build_04_after","Building","区域1建筑4改造后分层","Pivot|Perspective|Bounds","READY_FOR_CONCEPT","ANCHOR_BUILD_02","Day1-10建设节点完整覆盖"
"ART-S3","P0","street_01_build_05_before","Building","区域1建筑5改造前分层","Pivot|Perspective|Bounds","READY_FOR_CONCEPT","ANCHOR_BUILD_01","Day1-10建设节点完整覆盖"
"ART-S3","P0","street_01_build_05_after","Building","区域1建筑5改造后分层","Pivot|Perspective|Bounds","READY_FOR_CONCEPT","ANCHOR_BUILD_02","Day1-10建设节点完整覆盖"
"ART-S3","P0","street_01_build_06_before","Building","区域1建筑6改造前分层","Pivot|Perspective|Bounds","READY_FOR_CONCEPT","ANCHOR_BUILD_01","Day1-10建设节点完整覆盖"
"ART-S3","P0","street_01_build_06_after","Building","区域1建筑6改造后分层","Pivot|Perspective|Bounds","READY_FOR_CONCEPT","ANCHOR_BUILD_02","Day1-10建设节点完整覆盖"
"ART-S4","P1","art_item_naiyou","Item","奶油","Canon|Readability|Palette|Originality","READY_FOR_CONCEPT","ANCHOR_ITEM_01","110日内容扩展；item_naiyou；W0未锁定前不得进入GENERATED"
"ART-S4","P1","art_item_pangxie","Item","螃蟹","Canon|Readability|Palette|Originality","READY_FOR_CONCEPT","ANCHOR_ITEM_01","110日内容扩展；item_pangxie；W0未锁定前不得进入GENERATED"
"ART-S4","P1","art_item_wulongcha","Item","乌龙茶","Canon|Readability|Palette|Originality","READY_FOR_CONCEPT","ANCHOR_DRINK_01","110日内容扩展；item_wulongcha；W0未锁定前不得进入GENERATED"
"ART-S4","P1","art_item_jidan","Item","鸡蛋","Canon|Readability|Palette|Originality","READY_FOR_CONCEPT","ANCHOR_ITEM_01","110日内容扩展；item_jidan；W0未锁定前不得进入GENERATED"
"ART-S4","P1","art_item_xiaomaifen","Item","小麦粉","Canon|Readability|Palette|Originality","READY_FOR_CONCEPT","ANCHOR_ITEM_01","110日内容扩展；item_xiaomaifen；W0未锁定前不得进入GENERATED"
"ART-S4","P1","art_item_tanglishui","Item","汤力水","Canon|Readability|Palette|Originality","READY_FOR_CONCEPT","ANCHOR_DRINK_01","110日内容扩展；item_tanglishui；W0未锁定前不得进入GENERATED"
"ART-S4","P1","art_item_xia","Item","虾","Canon|Readability|Palette|Originality","READY_FOR_CONCEPT","ANCHOR_ITEM_01","110日内容扩展；item_xia；W0未锁定前不得进入GENERATED"
"ART-S4","P1","art_item_kuangquanshui","Item","矿泉水","Canon|Readability|Palette|Originality","READY_FOR_CONCEPT","ANCHOR_DRINK_01","110日内容扩展；item_kuangquanshui；W0未锁定前不得进入GENERATED"
"ART-S4","P1","art_tool_zhenglong","Cookware","蒸笼","Canon|StateReadability|Perspective|Palette|Originality","READY_FOR_CONCEPT","ANCHOR_COOK_01","110日内容扩展；tool_zhenglong；W0未锁定前不得进入GENERATED"
"ART-S4","P1","art_item_tangdou","Item","糖豆","Canon|Readability|Palette|Originality","READY_FOR_CONCEPT","ANCHOR_ITEM_01","110日内容扩展；item_tangdou；W0未锁定前不得进入GENERATED"
"ART-S4","P1","art_item_langmu","Item","朗姆","Canon|Readability|Palette|Originality","READY_FOR_CONCEPT","ANCHOR_DRINK_01","110日内容扩展；item_langmu；W0未锁定前不得进入GENERATED"
"ART-S4","P1","art_item_kele","Item","可乐","Canon|Readability|Palette|Originality","READY_FOR_CONCEPT","ANCHOR_DRINK_01","110日内容扩展；item_kele；W0未锁定前不得进入GENERATED"
"ART-S4","P1","art_item_ziganlan","Item","紫甘蓝","Canon|Readability|Palette|Originality","READY_FOR_CONCEPT","ANCHOR_ITEM_01","110日内容扩展；item_ziganlan；W0未锁定前不得进入GENERATED"
"ART-S4","P1","art_item_xueyu","Item","鳕鱼","Canon|Readability|Palette|Originality","READY_FOR_CONCEPT","ANCHOR_ITEM_01","110日内容扩展；item_xueyu；W0未锁定前不得进入GENERATED"
"ART-S4","P1","art_item_pipatui","Item","琵琶腿","Canon|Readability|Palette|Originality","READY_FOR_CONCEPT","ANCHOR_ITEM_01","110日内容扩展；item_pipatui；W0未锁定前不得进入GENERATED"
"ART-S4","P1","art_item_xianggu","Item","香菇","Canon|Readability|Palette|Originality","READY_FOR_CONCEPT","ANCHOR_ITEM_01","110日内容扩展；item_xianggu；W0未锁定前不得进入GENERATED"
"ART-S4","P1","art_special_tea_formula_3","Special","茶楼秘制配方3","Canon|Readability|Palette|Originality","READY_FOR_CONCEPT","ANCHOR_DRINK_01","110日内容扩展；special_tea_formula_3；W0未锁定前不得进入GENERATED"
"ART-S4","P1","art_item_feie_jiangyou","Item","肥鹅牌酱油","Canon|Readability|Palette|Originality","READY_FOR_CONCEPT","ANCHOR_ITEM_01","110日内容扩展；item_feie_jiangyou；W0未锁定前不得进入GENERATED"
"ART-S4","P1","art_item_yenai","Item","椰奶","Canon|Readability|Palette|Originality","READY_FOR_CONCEPT","ANCHOR_ITEM_01","110日内容扩展；item_yenai；W0未锁定前不得进入GENERATED"
"ART-S4","P1","art_special_tea_formula_1","Special","茶楼秘制配方1","Canon|Readability|Palette|Originality","READY_FOR_CONCEPT","ANCHOR_DRINK_01","110日内容扩展；special_tea_formula_1；W0未锁定前不得进入GENERATED"
"ART-S4","P1","art_item_shenghao","Item","生蚝","Canon|Readability|Palette|Originality","READY_FOR_CONCEPT","ANCHOR_ITEM_01","110日内容扩展；item_shenghao；W0未锁定前不得进入GENERATED"
"ART-S4","P1","art_item_weishiji","Item","威士忌","Canon|Readability|Palette|Originality","READY_FOR_CONCEPT","ANCHOR_DRINK_01","110日内容扩展；item_weishiji；W0未锁定前不得进入GENERATED"
"ART-S4","P1","art_item_sudashui","Item","苏打水","Canon|Readability|Palette|Originality","READY_FOR_CONCEPT","ANCHOR_DRINK_01","110日内容扩展；item_sudashui；W0未锁定前不得进入GENERATED"
"ART-S4","P1","art_item_jiangzhishui","Item","姜汁水","Canon|Readability|Palette|Originality","READY_FOR_CONCEPT","ANCHOR_DRINK_01","110日内容扩展；item_jiangzhishui；W0未锁定前不得进入GENERATED"
"ART-S4","P1","art_special_tea_formula_2","Special","茶楼秘制配方2","Canon|Readability|Palette|Originality","READY_FOR_CONCEPT","ANCHOR_DRINK_01","110日内容扩展；special_tea_formula_2；W0未锁定前不得进入GENERATED"
"ART-S4","P1","art_item_tudou","Item","土豆","Canon|Readability|Palette|Originality","READY_FOR_CONCEPT","ANCHOR_ITEM_01","110日内容扩展；item_tudou；W0未锁定前不得进入GENERATED"
"ART-S4","P1","art_item_putao","Item","葡萄","Canon|Readability|Palette|Originality","READY_FOR_CONCEPT","ANCHOR_ITEM_01","110日内容扩展；item_putao；W0未锁定前不得进入GENERATED"
"ART-S4","P1","art_item_jiaotang","Item","焦糖","Canon|Readability|Palette|Originality","READY_FOR_CONCEPT","ANCHOR_ITEM_01","110日内容扩展；item_jiaotang；W0未锁定前不得进入GENERATED"
"ART-S4","P1","art_item_zhouzi","Item","肘子","Canon|Readability|Palette|Originality","READY_FOR_CONCEPT","ANCHOR_ITEM_01","110日内容扩展；item_zhouzi；W0未锁定前不得进入GENERATED"
"ART-S4","P1","art_item_hunhexiangye","Item","混合香叶","Canon|Readability|Palette|Originality","READY_FOR_CONCEPT","ANCHOR_ITEM_01","110日内容扩展；item_hunhexiangye；W0未锁定前不得进入GENERATED"
"ART-S4","P1","art_item_youyu","Item","鱿鱼","Canon|Readability|Palette|Originality","READY_FOR_CONCEPT","ANCHOR_ITEM_01","110日内容扩展；item_youyu；W0未锁定前不得进入GENERATED"
"ART-S4","P1","art_item_shanbei","Item","扇贝","Canon|Readability|Palette|Originality","READY_FOR_CONCEPT","ANCHOR_ITEM_01","110日内容扩展；item_shanbei；W0未锁定前不得进入GENERATED"
"ART-S4","P1","art_special_tea_formula_5","Special","茶楼秘制配方5","Canon|Readability|Palette|Originality","READY_FOR_CONCEPT","ANCHOR_DRINK_01","110日内容扩展；special_tea_formula_5；W0未锁定前不得进入GENERATED"
"ART-S4","P1","art_item_jinqiangyu","Item","金枪鱼","Canon|Readability|Palette|Originality","READY_FOR_CONCEPT","ANCHOR_ITEM_01","110日内容扩展；item_jinqiangyu；W0未锁定前不得进入GENERATED"
"ART-S4","P1","art_item_qiaokeli","Item","巧克力","Canon|Readability|Palette|Originality","READY_FOR_CONCEPT","ANCHOR_ITEM_01","110日内容扩展；item_qiaokeli；W0未锁定前不得进入GENERATED"
"ART-S4","P1","art_item_daiguquanji","Item","带骨全鸡","Canon|Readability|Palette|Originality","READY_FOR_CONCEPT","ANCHOR_ITEM_01","110日内容扩展；item_daiguquanji；W0未锁定前不得进入GENERATED"
"ART-S4","P1","art_item_wuhuarou","Item","五花肉","Canon|Readability|Palette|Originality","READY_FOR_CONCEPT","ANCHOR_ITEM_01","110日内容扩展；item_wuhuarou；W0未锁定前不得进入GENERATED"
"ART-S4","P1","art_item_dami","Item","大米","Canon|Readability|Palette|Originality","READY_FOR_CONCEPT","ANCHOR_ITEM_01","110日内容扩展；item_dami；W0未锁定前不得进入GENERATED"
"ART-S4","P1","art_special_tea_formula_4","Special","茶楼秘制配方4","Canon|Readability|Palette|Originality","READY_FOR_CONCEPT","ANCHOR_DRINK_01","110日内容扩展；special_tea_formula_4；W0未锁定前不得进入GENERATED"
"ART-S4","P1","art_item_jitui","Item","鸡腿","Canon|Readability|Palette|Originality","READY_FOR_CONCEPT","ANCHOR_ITEM_01","110日内容扩展；item_jitui；W0未锁定前不得进入GENERATED"
"ART-S4","P1","art_item_huacha","Item","花茶","Canon|Readability|Palette|Originality","READY_FOR_CONCEPT","ANCHOR_DRINK_01","110日内容扩展；item_huacha；W0未锁定前不得进入GENERATED"
"ART-S4","P1","art_item_mangguo","Item","芒果","Canon|Readability|Palette|Originality","READY_FOR_CONCEPT","ANCHOR_ITEM_01","110日内容扩展；item_mangguo；W0未锁定前不得进入GENERATED"
"ART-S4","P1","art_item_jixiongrou","Item","鸡胸肉","Canon|Readability|Palette|Originality","READY_FOR_CONCEPT","ANCHOR_ITEM_01","110日内容扩展；item_jixiongrou；W0未锁定前不得进入GENERATED"
"ART-S4","P1","art_item_fengmi","Item","蜂蜜","Canon|Readability|Palette|Originality","READY_FOR_CONCEPT","ANCHOR_ITEM_01","110日内容扩展；item_fengmi；W0未锁定前不得进入GENERATED"
"ART-S4","P1","art_item_yanmai","Item","燕麦","Canon|Readability|Palette|Originality","READY_FOR_CONCEPT","ANCHOR_ITEM_01","110日内容扩展；item_yanmai；W0未锁定前不得进入GENERATED"
"ART-S4","P1","art_item_xilanhua","Item","西兰花","Canon|Readability|Palette|Originality","READY_FOR_CONCEPT","ANCHOR_ITEM_01","110日内容扩展；item_xilanhua；W0未锁定前不得进入GENERATED"
"ART-S4","P1","art_item_futejia","Item","伏特加","Canon|Readability|Palette|Originality","READY_FOR_CONCEPT","ANCHOR_DRINK_01","110日内容扩展；item_futejia；W0未锁定前不得进入GENERATED"
"ART-S4","P1","art_dish_jiaoxiangyangcongfan","Dish","焦香洋葱饭","Canon|Readability|Palette|Originality","READY_FOR_CONCEPT","ANCHOR_DISH_01","110日内容扩展；dish_jiaoxiangyangcongfan；W0未锁定前不得进入GENERATED"
"ART-S4","P1","art_dish_tankaojixiongrou","Dish","炭烤鸡胸肉","Canon|Readability|Palette|Originality","READY_FOR_CONCEPT","ANCHOR_DISH_01","110日内容扩展；dish_tankaojixiongrou；W0未锁定前不得进入GENERATED"
"ART-S4","P1","art_dish_huangyoubanfan","Dish","黄油拌饭","Canon|Readability|Palette|Originality","READY_FOR_CONCEPT","ANCHOR_DISH_01","110日内容扩展；dish_huangyoubanfan；W0未锁定前不得进入GENERATED"
"ART-S4","P1","art_dish_jiangguofengmiyanmaiwang","Dish","浆果蜂蜜燕麦碗","Canon|Readability|Palette|Originality","READY_FOR_CONCEPT","ANCHOR_DISH_01","110日内容扩展；dish_jiangguofengmiyanmaiwang；W0未锁定前不得进入GENERATED"
"ART-S4","P1","art_dish_tianyuanshala","Dish","田园沙拉","Canon|Readability|Palette|Originality","READY_FOR_CONCEPT","ANCHOR_DISH_01","110日内容扩展；dish_tianyuanshala；W0未锁定前不得进入GENERATED"
"ART-S4","P1","art_dish_moscow_mule","Dish","莫斯科之骡","Canon|Readability|Palette|Originality","READY_FOR_CONCEPT","ANCHOR_DISH_01","110日内容扩展；dish_moscow_mule；W0未锁定前不得进入GENERATED"
"ART-S4","P1","art_item_longshulan","Item","龙舌兰","Canon|Readability|Palette|Originality","READY_FOR_CONCEPT","ANCHOR_DRINK_01","110日内容扩展；item_longshulan；W0未锁定前不得进入GENERATED"
"ART-S4","P1","art_item_chengzi","Item","橙子","Canon|Readability|Palette|Originality","READY_FOR_CONCEPT","ANCHOR_ITEM_01","110日内容扩展；item_chengzi；W0未锁定前不得进入GENERATED"
"ART-S4","P1","art_dish_xianzhachengzhi","Dish","鲜榨橙汁","Canon|Readability|Palette|Originality","READY_FOR_CONCEPT","ANCHOR_DISH_01","110日内容扩展；dish_xianzhachengzhi；W0未锁定前不得进入GENERATED"
"ART-S4","P1","art_dish_longshulan_luosidao","Dish","龙舌兰螺丝刀","Canon|Readability|Palette|Originality","READY_FOR_CONCEPT","ANCHOR_DISH_01","110日内容扩展；dish_longshulan_luosidao；W0未锁定前不得进入GENERATED"
"ART-S4","P1","art_dish_zhishiregou","Dish","芝士热狗","Canon|Readability|Palette|Originality","READY_FOR_CONCEPT","ANCHOR_DISH_01","110日内容扩展；dish_zhishiregou；W0未锁定前不得进入GENERATED"
"ART-S4","P1","art_dish_tankao_rouchang","Dish","炭烤烤肉肠","Canon|Readability|Palette|Originality","READY_FOR_CONCEPT","ANCHOR_DISH_01","110日内容扩展；dish_tankao_rouchang；W0未锁定前不得进入GENERATED"
"ART-S4","P1","art_dish_kaoregoumianbao","Dish","烤热狗面包","Canon|Readability|Palette|Originality","READY_FOR_CONCEPT","ANCHOR_DISH_01","110日内容扩展；dish_kaoregoumianbao；W0未锁定前不得进入GENERATED"
"ART-S4","P1","art_item_suan","Item","蒜","Canon|Readability|Palette|Originality","READY_FOR_CONCEPT","ANCHOR_ITEM_01","110日内容扩展；item_suan；W0未锁定前不得进入GENERATED"
"ART-S4","P1","art_dish_suanxiangmianbao","Dish","蒜香面包","Canon|Readability|Palette|Originality","READY_FOR_CONCEPT","ANCHOR_DISH_01","110日内容扩展；dish_suanxiangmianbao；W0未锁定前不得进入GENERATED"
"ART-S4","P1","art_dish_huangjinkaozhouzi","Dish","黄金烤肘子","Canon|Readability|Palette|Originality","READY_FOR_CONCEPT","ANCHOR_DISH_01","110日内容扩展；dish_huangjinkaozhouzi；W0未锁定前不得进入GENERATED"
"ART-S4","P1","art_dish_shenhongkafei","Dish","深烘咖啡","Canon|Readability|Palette|Originality","READY_FOR_CONCEPT","ANCHOR_DISH_01","110日内容扩展；dish_shenhongkafei；W0未锁定前不得进入GENERATED"
"ART-S4","P1","art_dish_jiangzhishui","Dish","姜汁水","Canon|Readability|Palette|Originality","READY_FOR_CONCEPT","ANCHOR_DISH_01","110日内容扩展；dish_jiangzhishui；W0未锁定前不得进入GENERATED"
"ART-S4","P1","art_dish_mizhikaoji","Dish","蜜汁烤鸡","Canon|Readability|Palette|Originality","READY_FOR_CONCEPT","ANCHOR_DISH_01","110日内容扩展；dish_mizhikaoji；W0未锁定前不得进入GENERATED"
"ART-S4","P1","art_dish_xinxianshenghao","Dish","新鲜生蚝","Canon|Readability|Palette|Originality","READY_FOR_CONCEPT","ANCHOR_DISH_01","110日内容扩展；dish_xinxianshenghao；W0未锁定前不得进入GENERATED"
"ART-S4","P1","art_dish_langmukele","Dish","朗姆可乐","Canon|Readability|Palette|Originality","READY_FOR_CONCEPT","ANCHOR_DISH_01","110日内容扩展；dish_langmukele；W0未锁定前不得进入GENERATED"
"ART-S4","P1","art_item_li","Item","梨","Canon|Readability|Palette|Originality","READY_FOR_CONCEPT","ANCHOR_ITEM_01","110日内容扩展；item_li；W0未锁定前不得进入GENERATED"
"ART-S4","P1","art_item_shuimitao","Item","水蜜桃","Canon|Readability|Palette|Originality","READY_FOR_CONCEPT","ANCHOR_DRINK_01","110日内容扩展；item_shuimitao；W0未锁定前不得进入GENERATED"
"ART-S4","P1","art_item_yumisui","Item","玉米穗","Canon|Readability|Palette|Originality","READY_FOR_CONCEPT","ANCHOR_ITEM_01","110日内容扩展；item_yumisui；W0未锁定前不得进入GENERATED"
"ART-S4","P1","art_item_bingkuai","Item","冰块","Canon|Readability|Palette|Originality","READY_FOR_CONCEPT","ANCHOR_ITEM_01","110日内容扩展；item_bingkuai；W0未锁定前不得进入GENERATED"
"ART-S4","P1","art_dish_sukao_feixie","Dish","酥烤肥蟹","Canon|Readability|Palette|Originality","READY_FOR_CONCEPT","ANCHOR_DISH_01","110日内容扩展；dish_sukao_feixie；W0未锁定前不得进入GENERATED"
"ART-S4","P1","art_dish_zaocan_sanmingzhi","Dish","早餐三明治","Canon|Readability|Palette|Originality","READY_FOR_CONCEPT","ANCHOR_DISH_01","110日内容扩展；dish_zaocan_sanmingzhi；W0未锁定前不得进入GENERATED"
"ART-S4","P1","art_dish_jingying_xianxiajiao","Dish","晶莹鲜虾饺","Canon|Readability|Palette|Originality","READY_FOR_CONCEPT","ANCHOR_DISH_01","110日内容扩展；dish_jingying_xianxiajiao；W0未锁定前不得进入GENERATED"
"ART-S4","P1","art_dish_shousi_ziganlan","Dish","手撕紫甘蓝","Canon|Readability|Palette|Originality","READY_FOR_CONCEPT","ANCHOR_DISH_01","110日内容扩展；dish_shousi_ziganlan；W0未锁定前不得进入GENERATED"
"ART-S4","P1","art_dish_suxiang_xueyu","Dish","酥香鳕鱼","Canon|Readability|Palette|Originality","READY_FOR_CONCEPT","ANCHOR_DISH_01","110日内容扩展；dish_suxiang_xueyu；W0未锁定前不得进入GENERATED"
"ART-S4","P1","art_dish_tankao_pipatui","Dish","炭烤琵琶腿","Canon|Readability|Palette|Originality","READY_FOR_CONCEPT","ANCHOR_DISH_01","110日内容扩展；dish_tankao_pipatui；W0未锁定前不得进入GENERATED"
"ART-S4","P1","art_dish_xianggu_changfen","Dish","香菇肠粉","Canon|Readability|Palette|Originality","READY_FOR_CONCEPT","ANCHOR_DISH_01","110日内容扩展；dish_xianggu_changfen；W0未锁定前不得进入GENERATED"
"ART-S4","P1","art_dish_yezhi_naibai_xiaowan","Dish","椰汁奶白小丸","Canon|Readability|Palette|Originality","READY_FOR_CONCEPT","ANCHOR_DISH_01","110日内容扩展；dish_yezhi_naibai_xiaowan；W0未锁定前不得进入GENERATED"
"ART-S4","P1","art_dish_weishiji_suda","Dish","威士忌苏打","Canon|Readability|Palette|Originality","READY_FOR_CONCEPT","ANCHOR_DISH_01","110日内容扩展；dish_weishiji_suda；W0未锁定前不得进入GENERATED"
"ART-S4","P1","art_dish_liusha_naihuangbao","Dish","流沙奶黄包","Canon|Readability|Palette|Originality","READY_FOR_CONCEPT","ANCHOR_DISH_01","110日内容扩展；dish_liusha_naihuangbao；W0未锁定前不得进入GENERATED"
"ART-S4","P1","art_item_dabei_meishi","Item","大杯美式","Canon|Readability|Palette|Originality","READY_FOR_CONCEPT","ANCHOR_ITEM_01","110日内容扩展；item_dabei_meishi；W0未锁定前不得进入GENERATED"
"ART-S4","P1","art_dish_kao_tudoupian","Dish","烤土豆片","Canon|Readability|Palette|Originality","READY_FOR_CONCEPT","ANCHOR_DISH_01","110日内容扩展；dish_kao_tudoupian；W0未锁定前不得进入GENERATED"
"ART-S4","P1","art_dish_putao_guorouyin","Dish","葡萄果肉饮","Canon|Readability|Palette|Originality","READY_FOR_CONCEPT","ANCHOR_DISH_01","110日内容扩展；dish_putao_guorouyin；W0未锁定前不得进入GENERATED"
"ART-S4","P1","art_dish_jiaotang_malagao","Dish","焦糖马拉糕","Canon|Readability|Palette|Originality","READY_FOR_CONCEPT","ANCHOR_DISH_01","110日内容扩展；dish_jiaotang_malagao；W0未锁定前不得进入GENERATED"
"ART-S4","P1","art_dish_shijin_haixiantang","Dish","什锦海鲜汤","Canon|Readability|Palette|Originality","READY_FOR_CONCEPT","ANCHOR_DISH_01","110日内容扩展；dish_shijin_haixiantang；W0未锁定前不得进入GENERATED"
"ART-S4","P1","art_dish_tiandanjiu","Dish","甜蛋酒","Canon|Readability|Palette|Originality","READY_FOR_CONCEPT","ANCHOR_DISH_01","110日内容扩展；dish_tiandanjiu；W0未锁定前不得进入GENERATED"
"ART-S4","P1","art_dish_ee_shouda_ningmengcha","Dish","鹅鹅手打柠檬茶","Canon|Readability|Palette|Originality","READY_FOR_CONCEPT","ANCHOR_DISH_01","110日内容扩展；dish_ee_shouda_ningmengcha；W0未锁定前不得进入GENERATED"
"ART-S4","P1","art_dish_tanshao_jinqiangyupai","Dish","炭烧金枪鱼排","Canon|Readability|Palette|Originality","READY_FOR_CONCEPT","ANCHOR_DISH_01","110日内容扩展；dish_tanshao_jinqiangyupai；W0未锁定前不得进入GENERATED"
"ART-S4","P1","art_dish_xianshuijiao","Dish","咸水角","Canon|Readability|Palette|Originality","READY_FOR_CONCEPT","ANCHOR_DISH_01","110日内容扩展；dish_xianshuijiao；W0未锁定前不得进入GENERATED"
"ART-S4","P1","art_dish_suzha_dajitui","Dish","酥炸大鸡腿","Canon|Readability|Palette|Originality","READY_FOR_CONCEPT","ANCHOR_DISH_01","110日内容扩展；dish_suzha_dajitui；W0未锁定前不得进入GENERATED"
"ART-S4","P1","art_dish_weishiji_suanjiu","Dish","威士忌酸酒","Canon|Readability|Palette|Originality","READY_FOR_CONCEPT","ANCHOR_DISH_01","110日内容扩展；dish_weishiji_suanjiu；W0未锁定前不得进入GENERATED"
"ART-S4","P1","art_dish_caijiao_tudousi","Dish","彩椒土豆丝","Canon|Readability|Palette|Originality","READY_FOR_CONCEPT","ANCHOR_DISH_01","110日内容扩展；dish_caijiao_tudousi；W0未锁定前不得进入GENERATED"
"ART-S4","P1","art_prod_bingxiang","Producer","冰箱","Canon|StateReadability|Perspective|Palette|Originality","READY_FOR_CONCEPT","ANCHOR_PROD_01","110日Producer扩展；W0未锁定前不得进入GENERATED"
"ART-S4","P1","art_prod_binggui","Producer","冰柜","Canon|StateReadability|Perspective|Palette|Originality","READY_FOR_CONCEPT","ANCHOR_PROD_01","110日Producer扩展；W0未锁定前不得进入GENERATED"
"ART-S4","P1","art_prod_xianrouxiaoshou","Producer","鲜肉销售","Canon|StateReadability|Perspective|Palette|Originality","READY_FOR_CONCEPT","ANCHOR_PROD_01","110日Producer扩展；W0未锁定前不得进入GENERATED"
"ART-S4","P1","art_prod_guopen","Producer","果盆","Canon|StateReadability|Perspective|Palette|Originality","READY_FOR_CONCEPT","ANCHOR_PROD_01","110日Producer扩展；W0未锁定前不得进入GENERATED"
"ART-S4","P1","art_prod_haitiaogongju","Producer","海钓工具","Canon|StateReadability|Perspective|Palette|Originality","READY_FOR_CONCEPT","ANCHOR_PROD_01","110日Producer扩展；W0未锁定前不得进入GENERATED"
"ART-S4","P1","art_prod_jiushuiyinliaotai","Producer","酒水饮料台","Canon|StateReadability|Perspective|Palette|Originality","READY_FOR_CONCEPT","ANCHOR_PROD_02","110日Producer扩展；W0未锁定前不得进入GENERATED"
"ART-S4","P1","art_prod_wugumicang","Producer","五谷米仓","Canon|StateReadability|Perspective|Palette|Originality","READY_FOR_CONCEPT","ANCHOR_PROD_01","110日Producer扩展；W0未锁定前不得进入GENERATED"
"ART-S4","P1","art_cook_grill","Cookware","烤架","Canon|StateReadability|Perspective|Palette|Originality","READY_FOR_CONCEPT","ANCHOR_COOK_01","110日Cookware扩展；W0未锁定前不得进入GENERATED"
"ART-S4","P1","art_cook_soup_pot","Cookware","汤锅","Canon|StateReadability|Perspective|Palette|Originality","READY_FOR_CONCEPT","ANCHOR_COOK_01","110日Cookware扩展；W0未锁定前不得进入GENERATED"
"ART-S4","P1","art_cook_oven","Cookware","烤箱","Canon|StateReadability|Perspective|Palette|Originality","READY_FOR_CONCEPT","ANCHOR_COOK_01","110日Cookware扩展；W0未锁定前不得进入GENERATED"
