asset_id,category,subcategory,name,source_size,runtime_size,format,bundle,states,pivot,anchor,nine_slice,atlas,status,notes
"ui_bg_global","UI","Background","全局浅色背景","1500x2668","750x1334","PNG/WebP","core","Normal","0.5,0.5","0.5,0.5","","","PLANNED","通用UI资产"
"ui_panel_modal","UI","Panel","通用弹窗背板","900x1200","450x600","PNG 9-slice","core","Normal","0.5,0.5","0.5,0.5","","","PLANNED","通用UI资产"
"ui_btn_primary","UI","Button","主按钮","600x180","300x90","PNG 9-slice","core","Normal|Pressed|Disabled|Attention","0.5,0.5","0.5,0.5","","","PLANNED","通用UI资产"
"ui_btn_secondary","UI","Button","次按钮","600x160","300x80","PNG 9-slice","core","Normal|Pressed|Disabled","0.5,0.5","0.5,0.5","","","PLANNED","通用UI资产"
"ui_chip_energy","UI","Resource","体力Chip","360x140","180x70","PNG 9-slice","core","Normal","0.5,0.5","0.5,0.5","","","PLANNED","通用UI资产"
"ui_chip_coin","UI","Resource","金币Chip","360x140","180x70","PNG 9-slice","core","Normal","0.5,0.5","0.5,0.5","","","PLANNED","通用UI资产"
"ui_chip_gem","UI","Resource","钻石Chip","360x140","180x70","PNG 9-slice","core","Normal","0.5,0.5","0.5,0.5","","","PLANNED","通用UI资产"
"ui_card_order","UI","Card","订单卡背板","680x280","340x140","PNG 9-slice","core","Normal|Ready|Submitted","0.5,0.5","0.5,0.5","","","PLANNED","通用UI资产"
"ui_card_shop","UI","Card","商店商品卡","420x500","210x250","PNG 9-slice","core","Normal|SoldOut","0.5,0.5","0.5,0.5","","","PLANNED","通用UI资产"
"ui_slot_album","UI","Card","卡册卡位","360x460","180x230","PNG 9-slice","album","Locked|Empty|Owned|New","0.5,0.5","0.5,0.5","","","PLANNED","通用UI资产"
"ui_icon_close","UI","Icon","关闭","256x256","64x64","PNG/SVG","core","Normal|Pressed","0.5,0.5","0.5,0.5","","","PLANNED","通用UI资产"
"ui_icon_back","UI","Icon","返回","256x256","64x64","PNG/SVG","core","Normal|Pressed","0.5,0.5","0.5,0.5","","","PLANNED","通用UI资产"
"ui_icon_lock","UI","Icon","锁","256x256","48x48","PNG/SVG","core","Normal","0.5,0.5","0.5,0.5","","","PLANNED","通用UI资产"
"ui_icon_timer","UI","Icon","计时","256x256","48x48","PNG/SVG","core","Normal","0.5,0.5","0.5,0.5","","","PLANNED","通用UI资产"
"ui_icon_ad","UI","Icon","广告","256x256","64x64","PNG/SVG","core","Normal","0.5,0.5","0.5,0.5","","","PLANNED","通用UI资产"
"board_frame_9x7","Board","Frame","9×7棋盘框","1400x1160","700x580","PNG 9-slice","core","Normal","0.5,0.5","0.5,0.5","","","PLANNED","棋盘可见宽约684"
"board_cell_open","Board","Cell","开放格","152x152","76x76","PNG","core","Normal|Highlight","0.5,0.5","0.5,0.5","","","PLANNED","可运行时Tint"
"board_cell_locked","Board","Cell","锁定格","152x152","76x76","PNG","core","Locked","0.5,0.5","0.5,0.5","","","PLANNED","锁区用Group叠加"
"board_shadow_item","Board","Shadow","道具统一软阴影","160x80","80x40","PNG","core","Normal","0.5,0.5","0.5,0.5","","","PLANNED","可复用"
"art_item_fanqie","Board","Item","番茄","256x256","64~72","PNG","items_01","Normal","0.5,0.5","0.5,0.5","","","PLANNED","关联内容ID item_fanqie"
"art_item_caijiao","Board","Item","彩椒","256x256","64~72","PNG","items_01","Normal","0.5,0.5","0.5,0.5","","","PLANNED","关联内容ID item_caijiao"
"art_item_mogu","Board","Item","蘑菇","256x256","64~72","PNG","items_01","Normal","0.5,0.5","0.5,0.5","","","PLANNED","关联内容ID item_mogu"
"art_item_lajiao","Board","Item","辣椒","256x256","64~72","PNG","items_01","Normal","0.5,0.5","0.5,0.5","","","PLANNED","关联内容ID item_lajiao"
"art_item_congduan","Board","Item","葱段","256x256","64~72","PNG","items_01","Normal","0.5,0.5","0.5,0.5","","","PLANNED","关联内容ID item_congduan"
"art_item_huluobo","Board","Item","胡萝卜","256x256","64~72","PNG","items_01","Normal","0.5,0.5","0.5,0.5","","","PLANNED","关联内容ID item_huluobo"
"art_item_yangcong","Board","Item","洋葱","256x256","64~72","PNG","items_01","Normal","0.5,0.5","0.5,0.5","","","PLANNED","关联内容ID item_yangcong"
"art_item_kafeidou","Board","Item","咖啡豆","256x256","64~72","PNG","items_01","Normal","0.5,0.5","0.5,0.5","","","PLANNED","关联内容ID item_kafeidou"
"art_item_nongsuokafei","Board","Item","浓缩咖啡","256x256","64~72","PNG","items_01","Normal","0.5,0.5","0.5,0.5","","","PLANNED","关联内容ID item_nongsuokafei"
"art_item_kafei","Board","Item","咖啡","256x256","64~72","PNG","items_01","Normal","0.5,0.5","0.5,0.5","","","PLANNED","关联内容ID item_kafei"
"art_item_bianxiekafei","Board","Item","便携咖啡","256x256","64~72","PNG","items_01","Normal","0.5,0.5","0.5,0.5","","","PLANNED","关联内容ID item_bianxiekafei"
"art_item_bingkafei","Board","Item","冰咖啡","256x256","64~72","PNG","items_01","Normal","0.5,0.5","0.5,0.5","","","PLANNED","关联内容ID item_bingkafei"
"art_item_lvcha","Board","Item","绿茶","256x256","64~72","PNG","items_01","Normal","0.5,0.5","0.5,0.5","","","PLANNED","关联内容ID item_lvcha"
"art_item_yumili","Board","Item","玉米粒","256x256","64~72","PNG","items_01","Normal","0.5,0.5","0.5,0.5","","","PLANNED","关联内容ID item_yumili"
"art_item_xiangcaojia","Board","Item","香草荚","256x256","64~72","PNG","items_01","Normal","0.5,0.5","0.5,0.5","","","PLANNED","关联内容ID item_xiangcaojia"
"art_item_yumi","Board","Item","玉米","256x256","64~72","PNG","items_01","Normal","0.5,0.5","0.5,0.5","","","PLANNED","关联内容ID item_yumi"
"art_item_xiangcaozi","Board","Item","香草籽","256x256","64~72","PNG","items_01","Normal","0.5,0.5","0.5,0.5","","","PLANNED","关联内容ID item_xiangcaozi"
"art_dish_shengcaishala","Board","Dish","生菜沙拉","320x320","64~72","PNG","items_01","Normal","0.5,0.5","0.5,0.5","","","PLANNED","关联内容ID dish_shengcaishala"
"art_item_chunniunai","Board","Item","纯牛奶","256x256","64~72","PNG","items_01","Normal","0.5,0.5","0.5,0.5","","","PLANNED","关联内容ID item_chunniunai"
"art_item_boliwan","Board","Item","玻璃碗","256x256","64~72","PNG","items_01","Normal","0.5,0.5","0.5,0.5","","","PLANNED","关联内容ID item_boliwan"
"art_dish_tangbanfanqie","Board","Dish","糖拌番茄","320x320","64~72","PNG","items_01","Normal","0.5,0.5","0.5,0.5","","","PLANNED","关联内容ID dish_tangbanfanqie"
"art_dish_caijiaocuipian","Board","Dish","彩椒脆片","320x320","64~72","PNG","items_01","Normal","0.5,0.5","0.5,0.5","","","PLANNED","关联内容ID dish_caijiaocuipian"
"art_dish_junxiangzhishijuan","Board","Dish","菌香芝士卷","320x320","64~72","PNG","items_01","Normal","0.5,0.5","0.5,0.5","","","PLANNED","关联内容ID dish_junxiangzhishijuan"
"art_dish_shengqiehuluobotiao","Board","Dish","生切胡萝卜条","320x320","64~72","PNG","items_01","Normal","0.5,0.5","0.5,0.5","","","PLANNED","关联内容ID dish_shengqiehuluobotiao"
"art_item_lanmei","Board","Item","蓝莓","256x256","64~72","PNG","items_01","Normal","0.5,0.5","0.5,0.5","","","PLANNED","关联内容ID item_lanmei"
"art_dish_xianzhalanmeizhi","Board","Dish","鲜榨蓝莓汁","320x320","64~72","PNG","items_01","Normal","0.5,0.5","0.5,0.5","","","PLANNED","关联内容ID dish_xianzhalanmeizhi"
"art_item_bingtang","Board","Item","冰糖","256x256","64~72","PNG","items_01","Normal","0.5,0.5","0.5,0.5","","","PLANNED","关联内容ID item_bingtang"
"art_item_caomei","Board","Item","草莓","256x256","64~72","PNG","items_01","Normal","0.5,0.5","0.5,0.5","","","PLANNED","关联内容ID item_caomei"
"art_dish_caomeiguolu","Board","Dish","草莓果露","320x320","64~72","PNG","items_01","Normal","0.5,0.5","0.5,0.5","","","PLANNED","关联内容ID dish_caomeiguolu"
"art_item_ningmeng","Board","Item","柠檬","256x256","64~72","PNG","items_01","Normal","0.5,0.5","0.5,0.5","","","PLANNED","关联内容ID item_ningmeng"
"art_dish_shoudaningmengzhi","Board","Dish","手打柠檬汁","320x320","64~72","PNG","items_01","Normal","0.5,0.5","0.5,0.5","","","PLANNED","关联内容ID dish_shoudaningmengzhi"
"art_item_shenhongkafei","Board","Item","深烘咖啡","256x256","64~72","PNG","items_01","Normal","0.5,0.5","0.5,0.5","","","PLANNED","关联内容ID item_shenhongkafei"
"art_item_hongcha","Board","Item","红茶","256x256","64~72","PNG","items_01","Normal","0.5,0.5","0.5,0.5","","","PLANNED","关联内容ID item_hongcha"
"art_item_huangyou","Board","Item","黄油","256x256","64~72","PNG","items_01","Normal","0.5,0.5","0.5,0.5","","","PLANNED","关联内容ID item_huangyou"
"art_dish_zhenzhunaicha","Board","Dish","珍珠奶茶","320x320","64~72","PNG","items_01","Normal","0.5,0.5","0.5,0.5","","","PLANNED","关联内容ID dish_zhenzhunaicha"
"art_item_tangjiang","Board","Item","糖浆","256x256","64~72","PNG","items_01","Normal","0.5,0.5","0.5,0.5","","","PLANNED","关联内容ID item_tangjiang"
"art_dish_baomihua","Board","Dish","爆米花","320x320","64~72","PNG","items_01","Normal","0.5,0.5","0.5,0.5","","","PLANNED","关联内容ID dish_baomihua"
"art_item_pingguo","Board","Item","苹果","256x256","64~72","PNG","items_01","Normal","0.5,0.5","0.5,0.5","","","PLANNED","关联内容ID item_pingguo"
"art_dish_pingguoguoyin","Board","Dish","苹果果饮","320x320","64~72","PNG","items_01","Normal","0.5,0.5","0.5,0.5","","","PLANNED","关联内容ID dish_pingguoguoyin"
"art_item_zhishipian","Board","Item","芝士片","256x256","64~72","PNG","items_01","Normal","0.5,0.5","0.5,0.5","","","PLANNED","关联内容ID item_zhishipian"
"art_item_rouchang","Board","Item","肉肠","256x256","64~72","PNG","items_01","Normal","0.5,0.5","0.5,0.5","","","PLANNED","关联内容ID item_rouchang"
"art_item_peigen","Board","Item","培根","256x256","64~72","PNG","items_01","Normal","0.5,0.5","0.5,0.5","","","PLANNED","关联内容ID item_peigen"
"art_item_rouwan","Board","Item","肉丸","256x256","64~72","PNG","items_01","Normal","0.5,0.5","0.5,0.5","","","PLANNED","关联内容ID item_rouwan"
"art_item_niuxiongrou","Board","Item","牛胸肉","256x256","64~72","PNG","items_01","Normal","0.5,0.5","0.5,0.5","","","PLANNED","关联内容ID item_niuxiongrou"
"art_dish_kaochang","Board","Dish","烤肠","320x320","64~72","PNG","items_01","Normal","0.5,0.5","0.5,0.5","","","PLANNED","关联内容ID dish_kaochang"
"art_dish_yanxunniuxiongrou","Board","Dish","烟熏牛胸肉","320x320","64~72","PNG","items_01","Normal","0.5,0.5","0.5,0.5","","","PLANNED","关联内容ID dish_yanxunniuxiongrou"
"art_item_nengliangyinliao","Board","Item","能量饮料","256x256","64~72","PNG","items_01","Normal","0.5,0.5","0.5,0.5","","","PLANNED","关联内容ID item_nengliangyinliao"
"art_item_xiangbin","Board","Item","香槟","256x256","64~72","PNG","items_01","Normal","0.5,0.5","0.5,0.5","","","PLANNED","关联内容ID item_xiangbin"
"art_prod_shucaileizi","Board","Producer","蔬菜篮子","384x384","68~74","PNG/Spine","items_01","Ready|Tap|Cooldown|Boosted|Locked","0.5,0.5","0.5,0.5","","","PLANNED","等级变化后拆独立AssetId"
"art_prod_bingxiang","Board","Producer","冰箱","384x384","68~74","PNG/Spine","items_01","Ready|Tap|Cooldown|Boosted|Locked","0.5,0.5","0.5,0.5","","","PLANNED","等级变化后拆独立AssetId"
"art_prod_shuiguolanzi","Board","Producer","水果篮子","384x384","68~74","PNG/Spine","items_01","Ready|Tap|Cooldown|Boosted|Locked","0.5,0.5","0.5,0.5","","","PLANNED","等级变化后拆独立AssetId"
"art_prod_yinliaogui","Board","Producer","饮料柜","384x384","68~74","PNG/Spine","items_01","Ready|Tap|Cooldown|Boosted|Locked","0.5,0.5","0.5,0.5","","","PLANNED","等级变化后拆独立AssetId"
"art_cook_grill","Board","Cookware","烤架","384x384","68~74","PNG/Spine","items_01","Idle|Cooking|Ready|Collect","0.5,0.5","0.5,0.5","","","PLANNED","公开拆解存在烤架"
"art_cook_prep_station","Board","Cookware","备菜台","384x384","68~74","PNG/Spine","items_01","Idle|Cooking|Ready|Collect","0.5,0.5","0.5,0.5","","","PLANNED","公开拆解存在备菜台"
"char_goose_001_avatar","Character","Avatar","肥鹅顾客001头像","512x512","96~160","PNG","story","Neutral|Happy|Sad|Angry|Surprised|Expect","0.5,0.5","0.5,0.5","","","PLANNED","原创角色占位，不复刻原作造型"
"char_goose_001_spine","Character","NPC","肥鹅顾客001场景角色","1024x1024","scene-scale","Spine","street","Idle|Walk|Eat|Cheer|Sad","0.5,0.5","0.5,0.5","","","PLANNED","骨骼预算按角色级别分档"
"char_goose_002_avatar","Character","Avatar","肥鹅顾客002头像","512x512","96~160","PNG","story","Neutral|Happy|Sad|Angry|Surprised|Expect","0.5,0.5","0.5,0.5","","","PLANNED","原创角色占位，不复刻原作造型"
"char_goose_002_spine","Character","NPC","肥鹅顾客002场景角色","1024x1024","scene-scale","Spine","street","Idle|Walk|Eat|Cheer|Sad","0.5,0.5","0.5,0.5","","","PLANNED","骨骼预算按角色级别分档"
"char_goose_003_avatar","Character","Avatar","肥鹅顾客003头像","512x512","96~160","PNG","story","Neutral|Happy|Sad|Angry|Surprised|Expect","0.5,0.5","0.5,0.5","","","PLANNED","原创角色占位，不复刻原作造型"
"char_goose_003_spine","Character","NPC","肥鹅顾客003场景角色","1024x1024","scene-scale","Spine","street","Idle|Walk|Eat|Cheer|Sad","0.5,0.5","0.5,0.5","","","PLANNED","骨骼预算按角色级别分档"
"char_goose_004_avatar","Character","Avatar","肥鹅顾客004头像","512x512","96~160","PNG","story","Neutral|Happy|Sad|Angry|Surprised|Expect","0.5,0.5","0.5,0.5","","","PLANNED","原创角色占位，不复刻原作造型"
"char_goose_004_spine","Character","NPC","肥鹅顾客004场景角色","1024x1024","scene-scale","Spine","street","Idle|Walk|Eat|Cheer|Sad","0.5,0.5","0.5,0.5","","","PLANNED","骨骼预算按角色级别分档"
"char_goose_005_avatar","Character","Avatar","肥鹅顾客005头像","512x512","96~160","PNG","story","Neutral|Happy|Sad|Angry|Surprised|Expect","0.5,0.5","0.5,0.5","","","PLANNED","原创角色占位，不复刻原作造型"
"char_goose_005_spine","Character","NPC","肥鹅顾客005场景角色","1024x1024","scene-scale","Spine","street","Idle|Walk|Eat|Cheer|Sad","0.5,0.5","0.5,0.5","","","PLANNED","骨骼预算按角色级别分档"
"char_goose_006_avatar","Character","Avatar","肥鹅顾客006头像","512x512","96~160","PNG","story","Neutral|Happy|Sad|Angry|Surprised|Expect","0.5,0.5","0.5,0.5","","","PLANNED","原创角色占位，不复刻原作造型"
"char_goose_006_spine","Character","NPC","肥鹅顾客006场景角色","1024x1024","scene-scale","Spine","street","Idle|Walk|Eat|Cheer|Sad","0.5,0.5","0.5,0.5","","","PLANNED","骨骼预算按角色级别分档"
"char_goose_007_avatar","Character","Avatar","肥鹅顾客007头像","512x512","96~160","PNG","story","Neutral|Happy|Sad|Angry|Surprised|Expect","0.5,0.5","0.5,0.5","","","PLANNED","原创角色占位，不复刻原作造型"
"char_goose_007_spine","Character","NPC","肥鹅顾客007场景角色","1024x1024","scene-scale","Spine","street","Idle|Walk|Eat|Cheer|Sad","0.5,0.5","0.5,0.5","","","PLANNED","骨骼预算按角色级别分档"
"char_goose_008_avatar","Character","Avatar","肥鹅顾客008头像","512x512","96~160","PNG","story","Neutral|Happy|Sad|Angry|Surprised|Expect","0.5,0.5","0.5,0.5","","","PLANNED","原创角色占位，不复刻原作造型"
"char_goose_008_spine","Character","NPC","肥鹅顾客008场景角色","1024x1024","scene-scale","Spine","street","Idle|Walk|Eat|Cheer|Sad","0.5,0.5","0.5,0.5","","","PLANNED","骨骼预算按角色级别分档"
"char_goose_009_avatar","Character","Avatar","肥鹅顾客009头像","512x512","96~160","PNG","story","Neutral|Happy|Sad|Angry|Surprised|Expect","0.5,0.5","0.5,0.5","","","PLANNED","原创角色占位，不复刻原作造型"
"char_goose_009_spine","Character","NPC","肥鹅顾客009场景角色","1024x1024","scene-scale","Spine","street","Idle|Walk|Eat|Cheer|Sad","0.5,0.5","0.5,0.5","","","PLANNED","骨骼预算按角色级别分档"
"char_goose_010_avatar","Character","Avatar","肥鹅顾客010头像","512x512","96~160","PNG","story","Neutral|Happy|Sad|Angry|Surprised|Expect","0.5,0.5","0.5,0.5","","","PLANNED","原创角色占位，不复刻原作造型"
"char_goose_010_spine","Character","NPC","肥鹅顾客010场景角色","1024x1024","scene-scale","Spine","street","Idle|Walk|Eat|Cheer|Sad","0.5,0.5","0.5,0.5","","","PLANNED","骨骼预算按角色级别分档"
"char_goose_011_avatar","Character","Avatar","肥鹅顾客011头像","512x512","96~160","PNG","story","Neutral|Happy|Sad|Angry|Surprised|Expect","0.5,0.5","0.5,0.5","","","PLANNED","原创角色占位，不复刻原作造型"
"char_goose_011_spine","Character","NPC","肥鹅顾客011场景角色","1024x1024","scene-scale","Spine","street","Idle|Walk|Eat|Cheer|Sad","0.5,0.5","0.5,0.5","","","PLANNED","骨骼预算按角色级别分档"
"char_goose_012_avatar","Character","Avatar","肥鹅顾客012头像","512x512","96~160","PNG","story","Neutral|Happy|Sad|Angry|Surprised|Expect","0.5,0.5","0.5,0.5","","","PLANNED","原创角色占位，不复刻原作造型"
"char_goose_012_spine","Character","NPC","肥鹅顾客012场景角色","1024x1024","scene-scale","Spine","street","Idle|Walk|Eat|Cheer|Sad","0.5,0.5","0.5,0.5","","","PLANNED","骨骼预算按角色级别分档"
"char_goose_013_avatar","Character","Avatar","肥鹅顾客013头像","512x512","96~160","PNG","story","Neutral|Happy|Sad|Angry|Surprised|Expect","0.5,0.5","0.5,0.5","","","PLANNED","原创角色占位，不复刻原作造型"
"char_goose_013_spine","Character","NPC","肥鹅顾客013场景角色","1024x1024","scene-scale","Spine","street","Idle|Walk|Eat|Cheer|Sad","0.5,0.5","0.5,0.5","","","PLANNED","骨骼预算按角色级别分档"
"char_goose_014_avatar","Character","Avatar","肥鹅顾客014头像","512x512","96~160","PNG","story","Neutral|Happy|Sad|Angry|Surprised|Expect","0.5,0.5","0.5,0.5","","","PLANNED","原创角色占位，不复刻原作造型"
"char_goose_014_spine","Character","NPC","肥鹅顾客014场景角色","1024x1024","scene-scale","Spine","street","Idle|Walk|Eat|Cheer|Sad","0.5,0.5","0.5,0.5","","","PLANNED","骨骼预算按角色级别分档"
"char_goose_015_avatar","Character","Avatar","肥鹅顾客015头像","512x512","96~160","PNG","story","Neutral|Happy|Sad|Angry|Surprised|Expect","0.5,0.5","0.5,0.5","","","PLANNED","原创角色占位，不复刻原作造型"
"char_goose_015_spine","Character","NPC","肥鹅顾客015场景角色","1024x1024","scene-scale","Spine","street","Idle|Walk|Eat|Cheer|Sad","0.5,0.5","0.5,0.5","","","PLANNED","骨骼预算按角色级别分档"
"char_goose_016_avatar","Character","Avatar","肥鹅顾客016头像","512x512","96~160","PNG","story","Neutral|Happy|Sad|Angry|Surprised|Expect","0.5,0.5","0.5,0.5","","","PLANNED","原创角色占位，不复刻原作造型"
"char_goose_016_spine","Character","NPC","肥鹅顾客016场景角色","1024x1024","scene-scale","Spine","street","Idle|Walk|Eat|Cheer|Sad","0.5,0.5","0.5,0.5","","","PLANNED","骨骼预算按角色级别分档"
"char_goose_017_avatar","Character","Avatar","肥鹅顾客017头像","512x512","96~160","PNG","story","Neutral|Happy|Sad|Angry|Surprised|Expect","0.5,0.5","0.5,0.5","","","PLANNED","原创角色占位，不复刻原作造型"
"char_goose_017_spine","Character","NPC","肥鹅顾客017场景角色","1024x1024","scene-scale","Spine","street","Idle|Walk|Eat|Cheer|Sad","0.5,0.5","0.5,0.5","","","PLANNED","骨骼预算按角色级别分档"
"char_goose_018_avatar","Character","Avatar","肥鹅顾客018头像","512x512","96~160","PNG","story","Neutral|Happy|Sad|Angry|Surprised|Expect","0.5,0.5","0.5,0.5","","","PLANNED","原创角色占位，不复刻原作造型"
"char_goose_018_spine","Character","NPC","肥鹅顾客018场景角色","1024x1024","scene-scale","Spine","street","Idle|Walk|Eat|Cheer|Sad","0.5,0.5","0.5,0.5","","","PLANNED","骨骼预算按角色级别分档"
"char_goose_019_avatar","Character","Avatar","肥鹅顾客019头像","512x512","96~160","PNG","story","Neutral|Happy|Sad|Angry|Surprised|Expect","0.5,0.5","0.5,0.5","","","PLANNED","原创角色占位，不复刻原作造型"
"char_goose_019_spine","Character","NPC","肥鹅顾客019场景角色","1024x1024","scene-scale","Spine","street","Idle|Walk|Eat|Cheer|Sad","0.5,0.5","0.5,0.5","","","PLANNED","骨骼预算按角色级别分档"
"char_goose_020_avatar","Character","Avatar","肥鹅顾客020头像","512x512","96~160","PNG","story","Neutral|Happy|Sad|Angry|Surprised|Expect","0.5,0.5","0.5,0.5","","","PLANNED","原创角色占位，不复刻原作造型"
"char_goose_020_spine","Character","NPC","肥鹅顾客020场景角色","1024x1024","scene-scale","Spine","street","Idle|Walk|Eat|Cheer|Sad","0.5,0.5","0.5,0.5","","","PLANNED","骨骼预算按角色级别分档"
"char_goose_021_avatar","Character","Avatar","肥鹅顾客021头像","512x512","96~160","PNG","story","Neutral|Happy|Sad|Angry|Surprised|Expect","0.5,0.5","0.5,0.5","","","PLANNED","原创角色占位，不复刻原作造型"
"char_goose_021_spine","Character","NPC","肥鹅顾客021场景角色","1024x1024","scene-scale","Spine","street","Idle|Walk|Eat|Cheer|Sad","0.5,0.5","0.5,0.5","","","PLANNED","骨骼预算按角色级别分档"
"char_goose_022_avatar","Character","Avatar","肥鹅顾客022头像","512x512","96~160","PNG","story","Neutral|Happy|Sad|Angry|Surprised|Expect","0.5,0.5","0.5,0.5","","","PLANNED","原创角色占位，不复刻原作造型"
"char_goose_022_spine","Character","NPC","肥鹅顾客022场景角色","1024x1024","scene-scale","Spine","street","Idle|Walk|Eat|Cheer|Sad","0.5,0.5","0.5,0.5","","","PLANNED","骨骼预算按角色级别分档"
"char_goose_023_avatar","Character","Avatar","肥鹅顾客023头像","512x512","96~160","PNG","story","Neutral|Happy|Sad|Angry|Surprised|Expect","0.5,0.5","0.5,0.5","","","PLANNED","原创角色占位，不复刻原作造型"
"char_goose_023_spine","Character","NPC","肥鹅顾客023场景角色","1024x1024","scene-scale","Spine","street","Idle|Walk|Eat|Cheer|Sad","0.5,0.5","0.5,0.5","","","PLANNED","骨骼预算按角色级别分档"
"char_goose_024_avatar","Character","Avatar","肥鹅顾客024头像","512x512","96~160","PNG","story","Neutral|Happy|Sad|Angry|Surprised|Expect","0.5,0.5","0.5,0.5","","","PLANNED","原创角色占位，不复刻原作造型"
"char_goose_024_spine","Character","NPC","肥鹅顾客024场景角色","1024x1024","scene-scale","Spine","street","Idle|Walk|Eat|Cheer|Sad","0.5,0.5","0.5,0.5","","","PLANNED","骨骼预算按角色级别分档"
"street_01_build_01_before","Street","Building","区域1建筑1改造前","1536x1536","world-scale","PNG/Spine","street_01","Before","0.5,0.5","0.5,0.5","","","PLANNED","与After同Pivot"
"street_01_build_01_after","Street","Building","区域1建筑1改造后","1536x1536","world-scale","PNG/Spine","street_01","After|Alive","0.5,0.5","0.5,0.5","","","PLANNED","分层：base/roof/sign/props/lights"
"street_01_build_02_before","Street","Building","区域1建筑2改造前","1536x1536","world-scale","PNG/Spine","street_01","Before","0.5,0.5","0.5,0.5","","","PLANNED","与After同Pivot"
"street_01_build_02_after","Street","Building","区域1建筑2改造后","1536x1536","world-scale","PNG/Spine","street_01","After|Alive","0.5,0.5","0.5,0.5","","","PLANNED","分层：base/roof/sign/props/lights"
"street_01_build_03_before","Street","Building","区域1建筑3改造前","1536x1536","world-scale","PNG/Spine","street_01","Before","0.5,0.5","0.5,0.5","","","PLANNED","与After同Pivot"
"street_01_build_03_after","Street","Building","区域1建筑3改造后","1536x1536","world-scale","PNG/Spine","street_01","After|Alive","0.5,0.5","0.5,0.5","","","PLANNED","分层：base/roof/sign/props/lights"
"street_01_build_04_before","Street","Building","区域1建筑4改造前","1536x1536","world-scale","PNG/Spine","street_01","Before","0.5,0.5","0.5,0.5","","","PLANNED","与After同Pivot"
"street_01_build_04_after","Street","Building","区域1建筑4改造后","1536x1536","world-scale","PNG/Spine","street_01","After|Alive","0.5,0.5","0.5,0.5","","","PLANNED","分层：base/roof/sign/props/lights"
"street_01_build_05_before","Street","Building","区域1建筑5改造前","1536x1536","world-scale","PNG/Spine","street_01","Before","0.5,0.5","0.5,0.5","","","PLANNED","与After同Pivot"
"street_01_build_05_after","Street","Building","区域1建筑5改造后","1536x1536","world-scale","PNG/Spine","street_01","After|Alive","0.5,0.5","0.5,0.5","","","PLANNED","分层：base/roof/sign/props/lights"
"street_01_build_06_before","Street","Building","区域1建筑6改造前","1536x1536","world-scale","PNG/Spine","street_01","Before","0.5,0.5","0.5,0.5","","","PLANNED","与After同Pivot"
"street_01_build_06_after","Street","Building","区域1建筑6改造后","1536x1536","world-scale","PNG/Spine","street_01","After|Alive","0.5,0.5","0.5,0.5","","","PLANNED","分层：base/roof/sign/props/lights"
"street_01_build_07_before","Street","Building","区域1建筑7改造前","1536x1536","world-scale","PNG/Spine","street_01","Before","0.5,0.5","0.5,0.5","","","PLANNED","与After同Pivot"
"street_01_build_07_after","Street","Building","区域1建筑7改造后","1536x1536","world-scale","PNG/Spine","street_01","After|Alive","0.5,0.5","0.5,0.5","","","PLANNED","分层：base/roof/sign/props/lights"
"street_01_build_08_before","Street","Building","区域1建筑8改造前","1536x1536","world-scale","PNG/Spine","street_01","Before","0.5,0.5","0.5,0.5","","","PLANNED","与After同Pivot"
"street_01_build_08_after","Street","Building","区域1建筑8改造后","1536x1536","world-scale","PNG/Spine","street_01","After|Alive","0.5,0.5","0.5,0.5","","","PLANNED","分层：base/roof/sign/props/lights"
"street_01_build_09_before","Street","Building","区域1建筑9改造前","1536x1536","world-scale","PNG/Spine","street_01","Before","0.5,0.5","0.5,0.5","","","PLANNED","与After同Pivot"
"street_01_build_09_after","Street","Building","区域1建筑9改造后","1536x1536","world-scale","PNG/Spine","street_01","After|Alive","0.5,0.5","0.5,0.5","","","PLANNED","分层：base/roof/sign/props/lights"
"street_01_build_10_before","Street","Building","区域1建筑10改造前","1536x1536","world-scale","PNG/Spine","street_01","Before","0.5,0.5","0.5,0.5","","","PLANNED","与After同Pivot"
"street_01_build_10_after","Street","Building","区域1建筑10改造后","1536x1536","world-scale","PNG/Spine","street_01","After|Alive","0.5,0.5","0.5,0.5","","","PLANNED","分层：base/roof/sign/props/lights"
"street_01_build_11_before","Street","Building","区域1建筑11改造前","1536x1536","world-scale","PNG/Spine","street_01","Before","0.5,0.5","0.5,0.5","","","PLANNED","与After同Pivot"
"street_01_build_11_after","Street","Building","区域1建筑11改造后","1536x1536","world-scale","PNG/Spine","street_01","After|Alive","0.5,0.5","0.5,0.5","","","PLANNED","分层：base/roof/sign/props/lights"
"street_01_build_12_before","Street","Building","区域1建筑12改造前","1536x1536","world-scale","PNG/Spine","street_01","Before","0.5,0.5","0.5,0.5","","","PLANNED","与After同Pivot"
"street_01_build_12_after","Street","Building","区域1建筑12改造后","1536x1536","world-scale","PNG/Spine","street_01","After|Alive","0.5,0.5","0.5,0.5","","","PLANNED","分层：base/roof/sign/props/lights"
"street_02_build_01_before","Street","Building","区域2建筑1改造前","1536x1536","world-scale","PNG/Spine","street_02","Before","0.5,0.5","0.5,0.5","","","PLANNED","与After同Pivot"
"street_02_build_01_after","Street","Building","区域2建筑1改造后","1536x1536","world-scale","PNG/Spine","street_02","After|Alive","0.5,0.5","0.5,0.5","","","PLANNED","分层：base/roof/sign/props/lights"
"street_02_build_02_before","Street","Building","区域2建筑2改造前","1536x1536","world-scale","PNG/Spine","street_02","Before","0.5,0.5","0.5,0.5","","","PLANNED","与After同Pivot"
"street_02_build_02_after","Street","Building","区域2建筑2改造后","1536x1536","world-scale","PNG/Spine","street_02","After|Alive","0.5,0.5","0.5,0.5","","","PLANNED","分层：base/roof/sign/props/lights"
"street_02_build_03_before","Street","Building","区域2建筑3改造前","1536x1536","world-scale","PNG/Spine","street_02","Before","0.5,0.5","0.5,0.5","","","PLANNED","与After同Pivot"
"street_02_build_03_after","Street","Building","区域2建筑3改造后","1536x1536","world-scale","PNG/Spine","street_02","After|Alive","0.5,0.5","0.5,0.5","","","PLANNED","分层：base/roof/sign/props/lights"
"street_02_build_04_before","Street","Building","区域2建筑4改造前","1536x1536","world-scale","PNG/Spine","street_02","Before","0.5,0.5","0.5,0.5","","","PLANNED","与After同Pivot"
"street_02_build_04_after","Street","Building","区域2建筑4改造后","1536x1536","world-scale","PNG/Spine","street_02","After|Alive","0.5,0.5","0.5,0.5","","","PLANNED","分层：base/roof/sign/props/lights"
"street_02_build_05_before","Street","Building","区域2建筑5改造前","1536x1536","world-scale","PNG/Spine","street_02","Before","0.5,0.5","0.5,0.5","","","PLANNED","与After同Pivot"
"street_02_build_05_after","Street","Building","区域2建筑5改造后","1536x1536","world-scale","PNG/Spine","street_02","After|Alive","0.5,0.5","0.5,0.5","","","PLANNED","分层：base/roof/sign/props/lights"
"street_02_build_06_before","Street","Building","区域2建筑6改造前","1536x1536","world-scale","PNG/Spine","street_02","Before","0.5,0.5","0.5,0.5","","","PLANNED","与After同Pivot"
"street_02_build_06_after","Street","Building","区域2建筑6改造后","1536x1536","world-scale","PNG/Spine","street_02","After|Alive","0.5,0.5","0.5,0.5","","","PLANNED","分层：base/roof/sign/props/lights"
"street_02_build_07_before","Street","Building","区域2建筑7改造前","1536x1536","world-scale","PNG/Spine","street_02","Before","0.5,0.5","0.5,0.5","","","PLANNED","与After同Pivot"
"street_02_build_07_after","Street","Building","区域2建筑7改造后","1536x1536","world-scale","PNG/Spine","street_02","After|Alive","0.5,0.5","0.5,0.5","","","PLANNED","分层：base/roof/sign/props/lights"
"street_02_build_08_before","Street","Building","区域2建筑8改造前","1536x1536","world-scale","PNG/Spine","street_02","Before","0.5,0.5","0.5,0.5","","","PLANNED","与After同Pivot"
"street_02_build_08_after","Street","Building","区域2建筑8改造后","1536x1536","world-scale","PNG/Spine","street_02","After|Alive","0.5,0.5","0.5,0.5","","","PLANNED","分层：base/roof/sign/props/lights"
"street_02_build_09_before","Street","Building","区域2建筑9改造前","1536x1536","world-scale","PNG/Spine","street_02","Before","0.5,0.5","0.5,0.5","","","PLANNED","与After同Pivot"
"street_02_build_09_after","Street","Building","区域2建筑9改造后","1536x1536","world-scale","PNG/Spine","street_02","After|Alive","0.5,0.5","0.5,0.5","","","PLANNED","分层：base/roof/sign/props/lights"
"street_02_build_10_before","Street","Building","区域2建筑10改造前","1536x1536","world-scale","PNG/Spine","street_02","Before","0.5,0.5","0.5,0.5","","","PLANNED","与After同Pivot"
"street_02_build_10_after","Street","Building","区域2建筑10改造后","1536x1536","world-scale","PNG/Spine","street_02","After|Alive","0.5,0.5","0.5,0.5","","","PLANNED","分层：base/roof/sign/props/lights"
"street_02_build_11_before","Street","Building","区域2建筑11改造前","1536x1536","world-scale","PNG/Spine","street_02","Before","0.5,0.5","0.5,0.5","","","PLANNED","与After同Pivot"
"street_02_build_11_after","Street","Building","区域2建筑11改造后","1536x1536","world-scale","PNG/Spine","street_02","After|Alive","0.5,0.5","0.5,0.5","","","PLANNED","分层：base/roof/sign/props/lights"
"street_02_build_12_before","Street","Building","区域2建筑12改造前","1536x1536","world-scale","PNG/Spine","street_02","Before","0.5,0.5","0.5,0.5","","","PLANNED","与After同Pivot"
"street_02_build_12_after","Street","Building","区域2建筑12改造后","1536x1536","world-scale","PNG/Spine","street_02","After|Alive","0.5,0.5","0.5,0.5","","","PLANNED","分层：base/roof/sign/props/lights"
"street_03_build_01_before","Street","Building","区域3建筑1改造前","1536x1536","world-scale","PNG/Spine","street_03","Before","0.5,0.5","0.5,0.5","","","PLANNED","与After同Pivot"
"street_03_build_01_after","Street","Building","区域3建筑1改造后","1536x1536","world-scale","PNG/Spine","street_03","After|Alive","0.5,0.5","0.5,0.5","","","PLANNED","分层：base/roof/sign/props/lights"
"street_03_build_02_before","Street","Building","区域3建筑2改造前","1536x1536","world-scale","PNG/Spine","street_03","Before","0.5,0.5","0.5,0.5","","","PLANNED","与After同Pivot"
"street_03_build_02_after","Street","Building","区域3建筑2改造后","1536x1536","world-scale","PNG/Spine","street_03","After|Alive","0.5,0.5","0.5,0.5","","","PLANNED","分层：base/roof/sign/props/lights"
"street_03_build_03_before","Street","Building","区域3建筑3改造前","1536x1536","world-scale","PNG/Spine","street_03","Before","0.5,0.5","0.5,0.5","","","PLANNED","与After同Pivot"
"street_03_build_03_after","Street","Building","区域3建筑3改造后","1536x1536","world-scale","PNG/Spine","street_03","After|Alive","0.5,0.5","0.5,0.5","","","PLANNED","分层：base/roof/sign/props/lights"
"street_03_build_04_before","Street","Building","区域3建筑4改造前","1536x1536","world-scale","PNG/Spine","street_03","Before","0.5,0.5","0.5,0.5","","","PLANNED","与After同Pivot"
"street_03_build_04_after","Street","Building","区域3建筑4改造后","1536x1536","world-scale","PNG/Spine","street_03","After|Alive","0.5,0.5","0.5,0.5","","","PLANNED","分层：base/roof/sign/props/lights"
"street_03_build_05_before","Street","Building","区域3建筑5改造前","1536x1536","world-scale","PNG/Spine","street_03","Before","0.5,0.5","0.5,0.5","","","PLANNED","与After同Pivot"
"street_03_build_05_after","Street","Building","区域3建筑5改造后","1536x1536","world-scale","PNG/Spine","street_03","After|Alive","0.5,0.5","0.5,0.5","","","PLANNED","分层：base/roof/sign/props/lights"
"street_03_build_06_before","Street","Building","区域3建筑6改造前","1536x1536","world-scale","PNG/Spine","street_03","Before","0.5,0.5","0.5,0.5","","","PLANNED","与After同Pivot"
"street_03_build_06_after","Street","Building","区域3建筑6改造后","1536x1536","world-scale","PNG/Spine","street_03","After|Alive","0.5,0.5","0.5,0.5","","","PLANNED","分层：base/roof/sign/props/lights"
"street_03_build_07_before","Street","Building","区域3建筑7改造前","1536x1536","world-scale","PNG/Spine","street_03","Before","0.5,0.5","0.5,0.5","","","PLANNED","与After同Pivot"
"street_03_build_07_after","Street","Building","区域3建筑7改造后","1536x1536","world-scale","PNG/Spine","street_03","After|Alive","0.5,0.5","0.5,0.5","","","PLANNED","分层：base/roof/sign/props/lights"
"street_03_build_08_before","Street","Building","区域3建筑8改造前","1536x1536","world-scale","PNG/Spine","street_03","Before","0.5,0.5","0.5,0.5","","","PLANNED","与After同Pivot"
"street_03_build_08_after","Street","Building","区域3建筑8改造后","1536x1536","world-scale","PNG/Spine","street_03","After|Alive","0.5,0.5","0.5,0.5","","","PLANNED","分层：base/roof/sign/props/lights"
"street_03_build_09_before","Street","Building","区域3建筑9改造前","1536x1536","world-scale","PNG/Spine","street_03","Before","0.5,0.5","0.5,0.5","","","PLANNED","与After同Pivot"
"street_03_build_09_after","Street","Building","区域3建筑9改造后","1536x1536","world-scale","PNG/Spine","street_03","After|Alive","0.5,0.5","0.5,0.5","","","PLANNED","分层：base/roof/sign/props/lights"
"street_03_build_10_before","Street","Building","区域3建筑10改造前","1536x1536","world-scale","PNG/Spine","street_03","Before","0.5,0.5","0.5,0.5","","","PLANNED","与After同Pivot"
"street_03_build_10_after","Street","Building","区域3建筑10改造后","1536x1536","world-scale","PNG/Spine","street_03","After|Alive","0.5,0.5","0.5,0.5","","","PLANNED","分层：base/roof/sign/props/lights"
"street_03_build_11_before","Street","Building","区域3建筑11改造前","1536x1536","world-scale","PNG/Spine","street_03","Before","0.5,0.5","0.5,0.5","","","PLANNED","与After同Pivot"
"street_03_build_11_after","Street","Building","区域3建筑11改造后","1536x1536","world-scale","PNG/Spine","street_03","After|Alive","0.5,0.5","0.5,0.5","","","PLANNED","分层：base/roof/sign/props/lights"
"street_03_build_12_before","Street","Building","区域3建筑12改造前","1536x1536","world-scale","PNG/Spine","street_03","Before","0.5,0.5","0.5,0.5","","","PLANNED","与After同Pivot"
"street_03_build_12_after","Street","Building","区域3建筑12改造后","1536x1536","world-scale","PNG/Spine","street_03","After|Alive","0.5,0.5","0.5,0.5","","","PLANNED","分层：base/roof/sign/props/lights"
"street_04_build_01_before","Street","Building","区域4建筑1改造前","1536x1536","world-scale","PNG/Spine","street_04","Before","0.5,0.5","0.5,0.5","","","PLANNED","与After同Pivot"
"street_04_build_01_after","Street","Building","区域4建筑1改造后","1536x1536","world-scale","PNG/Spine","street_04","After|Alive","0.5,0.5","0.5,0.5","","","PLANNED","分层：base/roof/sign/props/lights"
"street_04_build_02_before","Street","Building","区域4建筑2改造前","1536x1536","world-scale","PNG/Spine","street_04","Before","0.5,0.5","0.5,0.5","","","PLANNED","与After同Pivot"
"street_04_build_02_after","Street","Building","区域4建筑2改造后","1536x1536","world-scale","PNG/Spine","street_04","After|Alive","0.5,0.5","0.5,0.5","","","PLANNED","分层：base/roof/sign/props/lights"
"street_04_build_03_before","Street","Building","区域4建筑3改造前","1536x1536","world-scale","PNG/Spine","street_04","Before","0.5,0.5","0.5,0.5","","","PLANNED","与After同Pivot"
"street_04_build_03_after","Street","Building","区域4建筑3改造后","1536x1536","world-scale","PNG/Spine","street_04","After|Alive","0.5,0.5","0.5,0.5","","","PLANNED","分层：base/roof/sign/props/lights"
"street_04_build_04_before","Street","Building","区域4建筑4改造前","1536x1536","world-scale","PNG/Spine","street_04","Before","0.5,0.5","0.5,0.5","","","PLANNED","与After同Pivot"
"street_04_build_04_after","Street","Building","区域4建筑4改造后","1536x1536","world-scale","PNG/Spine","street_04","After|Alive","0.5,0.5","0.5,0.5","","","PLANNED","分层：base/roof/sign/props/lights"
"street_04_build_05_before","Street","Building","区域4建筑5改造前","1536x1536","world-scale","PNG/Spine","street_04","Before","0.5,0.5","0.5,0.5","","","PLANNED","与After同Pivot"
"street_04_build_05_after","Street","Building","区域4建筑5改造后","1536x1536","world-scale","PNG/Spine","street_04","After|Alive","0.5,0.5","0.5,0.5","","","PLANNED","分层：base/roof/sign/props/lights"
"street_04_build_06_before","Street","Building","区域4建筑6改造前","1536x1536","world-scale","PNG/Spine","street_04","Before","0.5,0.5","0.5,0.5","","","PLANNED","与After同Pivot"
"street_04_build_06_after","Street","Building","区域4建筑6改造后","1536x1536","world-scale","PNG/Spine","street_04","After|Alive","0.5,0.5","0.5,0.5","","","PLANNED","分层：base/roof/sign/props/lights"
"street_04_build_07_before","Street","Building","区域4建筑7改造前","1536x1536","world-scale","PNG/Spine","street_04","Before","0.5,0.5","0.5,0.5","","","PLANNED","与After同Pivot"
"street_04_build_07_after","Street","Building","区域4建筑7改造后","1536x1536","world-scale","PNG/Spine","street_04","After|Alive","0.5,0.5","0.5,0.5","","","PLANNED","分层：base/roof/sign/props/lights"
"street_04_build_08_before","Street","Building","区域4建筑8改造前","1536x1536","world-scale","PNG/Spine","street_04","Before","0.5,0.5","0.5,0.5","","","PLANNED","与After同Pivot"
"street_04_build_08_after","Street","Building","区域4建筑8改造后","1536x1536","world-scale","PNG/Spine","street_04","After|Alive","0.5,0.5","0.5,0.5","","","PLANNED","分层：base/roof/sign/props/lights"
"street_04_build_09_before","Street","Building","区域4建筑9改造前","1536x1536","world-scale","PNG/Spine","street_04","Before","0.5,0.5","0.5,0.5","","","PLANNED","与After同Pivot"
"street_04_build_09_after","Street","Building","区域4建筑9改造后","1536x1536","world-scale","PNG/Spine","street_04","After|Alive","0.5,0.5","0.5,0.5","","","PLANNED","分层：base/roof/sign/props/lights"
"street_04_build_10_before","Street","Building","区域4建筑10改造前","1536x1536","world-scale","PNG/Spine","street_04","Before","0.5,0.5","0.5,0.5","","","PLANNED","与After同Pivot"
"street_04_build_10_after","Street","Building","区域4建筑10改造后","1536x1536","world-scale","PNG/Spine","street_04","After|Alive","0.5,0.5","0.5,0.5","","","PLANNED","分层：base/roof/sign/props/lights"
"street_04_build_11_before","Street","Building","区域4建筑11改造前","1536x1536","world-scale","PNG/Spine","street_04","Before","0.5,0.5","0.5,0.5","","","PLANNED","与After同Pivot"
"street_04_build_11_after","Street","Building","区域4建筑11改造后","1536x1536","world-scale","PNG/Spine","street_04","After|Alive","0.5,0.5","0.5,0.5","","","PLANNED","分层：base/roof/sign/props/lights"
"street_04_build_12_before","Street","Building","区域4建筑12改造前","1536x1536","world-scale","PNG/Spine","street_04","Before","0.5,0.5","0.5,0.5","","","PLANNED","与After同Pivot"
"street_04_build_12_after","Street","Building","区域4建筑12改造后","1536x1536","world-scale","PNG/Spine","street_04","After|Alive","0.5,0.5","0.5,0.5","","","PLANNED","分层：base/roof/sign/props/lights"
"fx_merge_common","VFX","Common","合成","n/a","n/a","Prefab/Particle","core","Play","0.5,0.5","0.5,0.5","","","PLANNED","需低端机降级"
"fx_producer_spawn","VFX","Common","生产","n/a","n/a","Prefab/Particle","core","Play","0.5,0.5","0.5,0.5","","","PLANNED","需低端机降级"
"fx_cook_ready","VFX","Common","烹饪完成","n/a","n/a","Prefab/Particle","core","Play","0.5,0.5","0.5,0.5","","","PLANNED","需低端机降级"
"fx_reward_fly","VFX","Common","资源飞入","n/a","n/a","Prefab/Particle","core","Play","0.5,0.5","0.5,0.5","","","PLANNED","需低端机降级"
"fx_build_reveal","VFX","Common","建设完成","n/a","n/a","Prefab/Particle","core","Play","0.5,0.5","0.5,0.5","","","PLANNED","需低端机降级"
"fx_unlock","VFX","Common","新内容解锁","n/a","n/a","Prefab/Particle","core","Play","0.5,0.5","0.5,0.5","","","PLANNED","需低端机降级"
"fx_card_reveal","VFX","Common","卡牌揭示","n/a","n/a","Prefab/Particle","core","Play","0.5,0.5","0.5,0.5","","","PLANNED","需低端机降级"
"fx_event_boost","VFX","Common","活动增强","n/a","n/a","Prefab/Particle","core","Play","0.5,0.5","0.5,0.5","","","PLANNED","需低端机降级"
"art_item_shengcai","Board","Item","生菜","256x256","64~72","PNG","items_01","Normal","0.5,0.5","0.5,0.5","","","PLANNED","关联内容ID item_shengcai；Day1-10垂直切片配方输入"
"art_prod_kitchen_supply","Board","Producer","厨房补给箱","384x384","68~74","PNG/Spine","items_01","Ready|Tap|Cooldown|Boosted|Locked","0.5,0.5","0.5,0.5","","","PLANNED","原创Day1-10垂直切片Producer；关联 prod_kitchen_supply"
"art_cook_drink_station","Board","Cookware","饮品调制台","384x384","68~74","PNG/Spine","items_01","Idle|Cooking|Ready|Collect","0.5,0.5","0.5,0.5","","","PLANNED","原创Day1-10垂直切片Cookware；关联 cook_drink_station"
