motion_id,system,target,trigger,duration_ms,timeline,easing,interrupt_policy,sound_id
"motion_button_press","UI","Button","PRESS","120","scale 1→0.96","cubic-out","interruptible","sfx_ui_click"
"motion_modal_open","UI","Modal","OPEN","220","alpha 0→1; scale .94→1","back-out","interruptible","sfx_ui_modal_open"
"motion_modal_close","UI","Modal","CLOSE","160","alpha 1→0; scale 1→.96","cubic-in","interruptible","sfx_ui_modal_close"
"motion_item_pickup","BOARD","BoardItem","DRAG_START","90","scale 1→1.08; y +10","cubic-out","interruptible","sfx_item_drag"
"motion_item_drop","BOARD","BoardItem","DROP","140","scale 1.08→1; y→cell","back-out","interruptible","sfx_item_drop"
"motion_merge","BOARD","BoardItem","MERGE","360","two items attract→squash→flash→new item pop","custom","non_interruptible","sfx_merge_common"
"motion_spawn","BOARD","Producer","SPAWN","320","producer bounce→item arc→cell land","custom","non_interruptible","sfx_producer_spawn"
"motion_invalid_drop","BOARD","BoardItem","INVALID","180","x shake ±7px","ease-out","interruptible","sfx_error_soft"
"motion_order_ready","ORDER","OrderCard","READY","700","soft glow + check bounce","sine-loop","interruptible",""
"motion_order_submit","ORDER","OrderCard","SUBMIT","650","items fly→card check→reward fly","custom","non_interruptible","sfx_order_submit"
"motion_resource_fly","ECONOMY","RewardItem","GAIN","650","bezier to top resource chip","quad-in","non_interruptible",""
"motion_cook_start","COOK","Cookware","START","320","input fly→lid/steam start","custom","non_interruptible","sfx_cook_start"
"motion_cook_ready","COOK","Cookware","READY","900","steam sparkle + ready pulse","sine-out","interruptible","sfx_cook_ready"
"motion_build_complete","STREET","Building","COMPLETE","1800","dust cover→old fade→new reveal→light→NPC cheer","custom","non_interruptible","sfx_build_complete"
"motion_unlock","PROGRESS","UnlockCard","SHOW","850","icon burst→title settle→CTA","back-out","non_interruptible","sfx_unlock"
"motion_day_complete","PROGRESS","DayComplete","SHOW","1000","badge stamp→rewards→next unlock","custom","non_interruptible","sfx_reward_popup"
"motion_card_pack","ALBUM","Pack","OPEN","2200","pack shake→tear→cards fan","custom","skippable","sfx_card_pack_open"
"motion_card_reveal","ALBUM","Card","REVEAL","520","flip Y 90→0 + rarity particles","back-out","skippable","sfx_card_reveal_common"
"motion_event_milestone","EVENT","Milestone","CLAIM","650","node burst→reward fly","back-out","non_interruptible","sfx_event_milestone"
"motion_rank_change","EVENT","RankingRow","MOVE","450","row translate + score tick","cubic-out","interruptible",""
"motion_toast","UI","Toast","SHOW","1800","y +20→0; hold; fade","cubic-out","interruptible",""
