anchor_id,category,subject,source_size,background,palette_basis,view,lighting,outline,goal,status,notes
"ANCHOR_UI_01","UI","通用圆角面板+主按钮+资源Chip组合","1500x2668","opaque","design_tokens_v4","front","soft top-left","warm brown","锁定原创UI皮肤、边框厚度、圆角和阴影","CANON_LOCKED","不复制竞品具体装饰"
"ANCHOR_BOARD_01","Board","9x7棋盘框+开放格+锁定格","1400x1160","transparent","design_tokens_v4","front","soft top-left","warm brown","锁定格子、边框、锁定区可读性","CANON_LOCKED","运行时逻辑宽684"
"ANCHOR_ITEM_01","BoardItem","番茄/彩椒/蘑菇/胡萝卜四件原料组","1024x1024","transparent","warm food","20deg top-down","top-left","deep warm","锁定普通原料体积、阴影、描边","CANON_LOCKED","64px一眼可辨"
"ANCHOR_DRINK_01","BoardItem","咖啡豆/浓缩咖啡/咖啡/冰咖啡四件饮品链","1024x1024","transparent","coffee warm","20deg top-down","top-left","deep warm","锁定饮品/容器语言与液体高光","CANON_LOCKED","同链递进明显"
"ANCHOR_DISH_01","Dish","生菜沙拉/糖拌番茄/菌香芝士卷/蓝莓汁","1280x1280","transparent","high saturation food","20deg top-down","top-left","deep warm","锁定成品菜主次、盘器占比","CANON_LOCKED","成品食物是视觉焦点"
"ANCHOR_PROD_01","Producer","厨房补给箱","768x768","transparent","orange+cream+green","three-quarter","top-left","deep warm","锁定Producer轮廓语言","CANON_LOCKED","与普通Item明显不同"
"ANCHOR_PROD_02","Producer","咖啡补给台","768x768","transparent","coffee+cream+teal","three-quarter","top-left","deep warm","锁定台面型Producer语言","CANON_LOCKED","可扩Ready/Cooldown"
"ANCHOR_COOK_01","Cookware","饮品调制台","768x768","transparent","cream+mint+orange","three-quarter","top-left","deep warm","锁定Cookware机械/操作区语言","CANON_LOCKED","与Producer区别明显"
"ANCHOR_CHAR_01","Character","店长-柚宁","2048x2048","neutral","canon colors","3/4 character","soft left","warm brown","锁定人类主角比例与服装","CANON_LOCKED","米白围裙/橙色发夹/小记事本必须固定"
"ANCHOR_CHAR_02","Character","引导鹅-团团","2048x2048","neutral","canon colors","3/4 character","soft left","warm brown","锁定原创鹅基础比例","CANON_LOCKED","橙黄小围巾/木质钥匙牌必须固定"
"ANCHOR_CHAR_03","Character","主要顾客-小满","2048x2048","neutral","canon colors","3/4 character","soft left","warm brown","验证同物种不同角色区分度","CANON_LOCKED","邮差包固定；不得只换颜色"
"ANCHOR_BUILD_01","Building","Street01小店Before","1536x1536","transparent","warm muted","three-quarter world","top-left","warm brown","锁定破旧状态结构和Pivot","CANON_LOCKED","为After保留同几何基准"
"ANCHOR_BUILD_02","Building","Street01小店After","1536x1536","transparent","warm lively","three-quarter world","top-left","warm brown","锁定修复后热闹状态","CANON_LOCKED","与Before共享Pivot/HitArea"
"ANCHOR_FX_01","VFX","合成/生产/烹饪完成三类FX形状语言","1024x1024","transparent","primary+accent","front","emissive","none","锁定粒子形状和亮度上限","CANON_LOCKED","低端机可降级"
