audio_id,type,name,play_mode,duration,target_bus,bundle,target_lufs,format,notes
"bgm_street_day","BGM","主街白天","LOOP","75-110s","music","street","-16 LUFS","OGG","主街默认，轻木吉他/手风琴/小打击"
"bgm_street_evening","BGM","主街傍晚","LOOP","75-110s","music","street","-16 LUFS","OGG","区域3后可切换"
"bgm_board","BGM","合成棋盘","LOOP","70-100s","music","board","-17 LUFS","OGG","低干扰、节奏稳定"
"bgm_story_warm","BGM","温暖剧情","LOOP","60-90s","music","story","-18 LUFS","OGG","对白时自动duck"
"bgm_story_tense","BGM","轻紧张剧情","LOOP","45-75s","music","story","-18 LUFS","OGG","不用恐怖低频轰鸣"
"bgm_event_race","BGM","竞速活动","LOOP","60-90s","music","event","-15 LUFS","OGG","较快节拍"
"bgm_event_boost","BGM","爆炒时刻","LOOP","45-60s","music","event","-15 LUFS","OGG","爽感短循环"
"bgm_album","BGM","卡册","LOOP","60-90s","music","album","-18 LUFS","OGG","轻收藏氛围"
"amb_street_day","AMBIENT","街区环境","LOOP","30-60s","ambient","street","-28 LUFS","OGG","远处人声/餐具/风"
"amb_kitchen","AMBIENT","厨房环境","LOOP","20-40s","ambient","board","-30 LUFS","OGG","轻微锅气与器具"
"sfx_ui_click","SFX","普通点击","ONE_SHOT","40-90ms","ui","core","-18 LUFS","OGG","全局按钮"
"sfx_ui_back","SFX","返回","ONE_SHOT","60-100ms","ui","core","-19 LUFS","OGG","低存在感"
"sfx_ui_modal_open","SFX","弹窗打开","ONE_SHOT","150-250ms","ui","core","-18 LUFS","OGG","软弹出"
"sfx_ui_modal_close","SFX","弹窗关闭","ONE_SHOT","120-220ms","ui","core","-19 LUFS","OGG",""
"sfx_item_drag","SFX","拿起物品","ONE_SHOT","80-130ms","board","core","-17 LUFS","OGG","轻吸附"
"sfx_item_drop","SFX","放下物品","ONE_SHOT","70-120ms","board","core","-17 LUFS","OGG",""
"sfx_merge_common","SFX","普通合成","ONE_SHOT","220-380ms","board","core","-15 LUFS","OGG","双物吸附+pop"
"sfx_merge_high","SFX","高阶合成","ONE_SHOT","300-500ms","board","core","-14 LUFS","OGG","比普通更亮但不刺耳"
"sfx_producer_tap","SFX","生成器点击","ONE_SHOT","100-180ms","board","core","-16 LUFS","OGG",""
"sfx_producer_spawn","SFX","生成物弹出","ONE_SHOT","180-300ms","board","core","-15 LUFS","OGG","与飞行动画同步"
"sfx_producer_empty","SFX","生成器耗尽","ONE_SHOT","180-260ms","board","core","-18 LUFS","OGG","提示而非惩罚感"
"sfx_producer_cooldown_end","SFX","冷却完成","ONE_SHOT","180-300ms","board","core","-17 LUFS","OGG","非强打断"
"sfx_cook_start","SFX","开始烹饪","ONE_SHOT","220-350ms","cooking","core","-16 LUFS","OGG",""
"sfx_cook_loop","SFX","烹饪循环","LOOP","2-4s","cooking","core","-27 LUFS","OGG","锅气/轻滋滋；可多实例限制"
"sfx_cook_ready","SFX","菜品完成","ONE_SHOT","350-600ms","cooking","core","-14 LUFS","OGG",""
"sfx_order_submit","SFX","交订单","ONE_SHOT","300-500ms","order","core","-14 LUFS","OGG",""
"sfx_coin_gain","SFX","金币获取","ONE_SHOT","220-420ms","economy","core","-15 LUFS","OGG","可叠加节流"
"sfx_gem_gain","SFX","钻石获取","ONE_SHOT","260-450ms","economy","core","-14 LUFS","OGG",""
"sfx_energy_gain","SFX","体力获取","ONE_SHOT","220-400ms","economy","core","-15 LUFS","OGG",""
"sfx_build_start","SFX","开始建设","ONE_SHOT","300-500ms","street","street","-15 LUFS","OGG",""
"sfx_build_complete","SFX","建设完成","ONE_SHOT","900-1600ms","street","street","-13 LUFS","OGG","小高潮"
"sfx_unlock","SFX","新内容解锁","ONE_SHOT","600-1000ms","progress","core","-14 LUFS","OGG",""
"sfx_reward_popup","SFX","奖励弹窗","ONE_SHOT","350-600ms","reward","core","-15 LUFS","OGG",""
"sfx_card_pack_open","SFX","卡包开启","ONE_SHOT","600-900ms","album","album","-14 LUFS","OGG",""
"sfx_card_reveal_common","SFX","普通卡揭示","ONE_SHOT","200-350ms","album","album","-16 LUFS","OGG",""
"sfx_card_reveal_rare","SFX","稀有卡揭示","ONE_SHOT","500-900ms","album","album","-13 LUFS","OGG",""
"sfx_event_milestone","SFX","活动里程碑","ONE_SHOT","400-650ms","event","event","-14 LUFS","OGG",""
"sfx_error_soft","SFX","软错误","ONE_SHOT","120-220ms","ui","core","-20 LUFS","OGG","不可用/资源不足"
"sfx_network_retry","SFX","网络重试","ONE_SHOT","100-180ms","ui","core","-20 LUFS","OGG",""
"vo_reaction_happy","VO","角色开心拟声","ONE_SHOT","200-600ms","voice","story","-18 LUFS","OGG","非完整配音，可复用角色级音色"
"vo_reaction_surprise","VO","角色惊讶拟声","ONE_SHOT","200-600ms","voice","story","-18 LUFS","OGG",""
"vo_reaction_sad","VO","角色低落拟声","ONE_SHOT","250-700ms","voice","story","-18 LUFS","OGG",""
