day,phase,evidence_status,evidence_note,dev_target_order_count,dev_target_energy_p50,dev_target_energy_p90,primary_chains,cookware_load,board_pressure,unlock_or_focus,public_menu
1,P0 新手教学,E-TEXT,有公开文字+截图，可结构化核实,8,22,25,蔬菜 / 咖啡 / 茶,无/极低,低,4×7教学→完整棋盘；首次订单交付,番茄 | 彩椒 | 蘑菇 | 辣椒 | 彩椒 | 彩椒+葱段 | 胡萝卜+洋葱 | 番茄
2,P0 新手教学,E-TEXT,有公开文字+截图，可结构化核实,3,28,32,蔬菜 / 咖啡 / 茶,无/极低,低,咖啡链,咖啡豆 | 浓缩咖啡 | 咖啡
3,P0 新手教学,E-TEXT,有公开文字+截图，可结构化核实,4,36,41,蔬菜 / 咖啡 / 茶,无/极低,低,双来源订单,浓缩咖啡 | 洋葱+咖啡 | 蘑菇+便携咖啡
4,P0 新手教学,E-TEXT,有公开文字+截图，可结构化核实,3,48,55,蔬菜 / 咖啡 / 茶,无/极低,低,茶/玉米/香草,冰咖啡 | 绿茶 | 玉米粒 | 香草荚 | 玉米 | 香草籽
5,P0 新手教学,E-TEXT,有公开文字+截图，可结构化核实,5,60,69,蔬菜 / 咖啡 / 茶,低,低,首次明显加工菜；厨具概念,生菜沙拉 | 纯牛奶 | 玻璃碗
6,P1 核心闭环,E-TEXT,有公开文字+截图，可结构化核实,4,72,83,蔬菜加工 / 乳品 / 水果 / 甜味,低,低-中,加工菜稳定进入日常订单,糖拌番茄 | 洋葱+冰咖啡 | 彩椒脆片 | 蘑菇+绿茶
7,P1 核心闭环,E-TEXT,有公开文字+截图，可结构化核实,5,83,95,蔬菜加工 / 乳品 / 水果 / 甜味,低,低-中,多输入菜谱（菌香芝士卷）,便携咖啡+纯牛奶 | 菌香芝士卷 | 生切胡萝卜条 | 香草籽+绿茶 | 玉米粒
8,P1 核心闭环,E-TEXT,有公开文字+截图，可结构化核实,4,94,108,蔬菜加工 / 乳品 / 水果 / 甜味,低,低-中,水果饮品链,鲜榨蓝莓汁 | 香草籽+冰咖啡 | 冰糖+草莓果露 | 玉米
9,P1 核心闭环,E-TEXT,有公开文字+截图，可结构化核实,5,105,121,蔬菜加工 / 乳品 / 水果 / 甜味,低,低-中,深烘咖啡/红茶,手打柠檬汁 | 深烘咖啡+红茶 | 蘑菇+黄油
10,P1 核心闭环,E-TEXT,有公开文字+截图，可结构化核实,4,116,133,蔬菜加工 / 乳品 / 水果 / 甜味,低,低-中,珍珠奶茶/爆米花/苹果饮,香草籽+冰咖啡 | 绿茶+黄油 | 香草荚+珍珠奶茶 | 爆米花+苹果果饮
11,P2 早期扩展,E-IMAGE,有连续公开截图，仍需逐图转录,5,125,150,烘焙 / 面包 / 基础肉类,低-中,低-中,按本阶段滚动增加订单交叉、加工比例与建设进度,
12,P2 早期扩展,E-IMAGE,有连续公开截图，仍需逐图转录,5,136,163,烘焙 / 面包 / 基础肉类,低-中,低-中,开发蓝图：面包/烘焙生成器,
13,P2 早期扩展,E-IMAGE,有连续公开截图，仍需逐图转录,5,147,176,烘焙 / 面包 / 基础肉类,低-中,低-中,按本阶段滚动增加订单交叉、加工比例与建设进度,
14,P2 早期扩展,E-IMAGE,有连续公开截图，仍需逐图转录,5,158,190,烘焙 / 面包 / 基础肉类,低-中,低-中,按本阶段滚动增加订单交叉、加工比例与建设进度,
15,P2 早期扩展,E-IMAGE,有连续公开截图，仍需逐图转录,5,169,203,烘焙 / 面包 / 基础肉类,低-中,低-中,开发蓝图：基础肉类与烤架,
16,P2 早期扩展,E-IMAGE,有连续公开截图，仍需逐图转录,5,180,216,烘焙 / 面包 / 基础肉类,低-中,中,按本阶段滚动增加订单交叉、加工比例与建设进度,
17,P2 早期扩展,E-IMAGE,有连续公开截图，仍需逐图转录,5,191,229,烘焙 / 面包 / 基础肉类,低-中,中,按本阶段滚动增加订单交叉、加工比例与建设进度,
18,P2 早期扩展,E-IMAGE,有连续公开截图，仍需逐图转录,5,202,242,烘焙 / 面包 / 基础肉类,低-中,中,按本阶段滚动增加订单交叉、加工比例与建设进度,
19,P2 早期扩展,E-IMAGE,有连续公开截图，仍需逐图转录,5,213,256,烘焙 / 面包 / 基础肉类,低-中,中,按本阶段滚动增加订单交叉、加工比例与建设进度,
20,P2 早期扩展,E-IMAGE,有连续公开截图，仍需逐图转录,5,224,269,烘焙 / 面包 / 基础肉类,低-中,中,开发蓝图：第二建设分区,
21,P3 系统展开,D-BLUEPRINT,未在本轮取得可直接结构化的完整公开菜单；以下为开发蓝图,5,240,288,肉类 / 谷物 / 早餐 / 调味,中,中,按本阶段滚动增加订单交叉、加工比例与建设进度,
22,P3 系统展开,D-BLUEPRINT,未在本轮取得可直接结构化的完整公开菜单；以下为开发蓝图,5,254,305,肉类 / 谷物 / 早餐 / 调味,中,中,按本阶段滚动增加订单交叉、加工比例与建设进度,
23,P3 系统展开,D-BLUEPRINT,未在本轮取得可直接结构化的完整公开菜单；以下为开发蓝图,5,268,322,肉类 / 谷物 / 早餐 / 调味,中,中,按本阶段滚动增加订单交叉、加工比例与建设进度,
24,P3 系统展开,D-BLUEPRINT,未在本轮取得可直接结构化的完整公开菜单；以下为开发蓝图,5,282,338,肉类 / 谷物 / 早餐 / 调味,中,中,按本阶段滚动增加订单交叉、加工比例与建设进度,
25,P3 系统展开,D-BLUEPRINT,未在本轮取得可直接结构化的完整公开菜单；以下为开发蓝图,6,296,355,肉类 / 谷物 / 早餐 / 调味,中,中,开发蓝图：早餐/谷物链,
26,P3 系统展开,D-BLUEPRINT,未在本轮取得可直接结构化的完整公开菜单；以下为开发蓝图,5,310,372,肉类 / 谷物 / 早餐 / 调味,中,中,按本阶段滚动增加订单交叉、加工比例与建设进度,
27,P3 系统展开,D-BLUEPRINT,未在本轮取得可直接结构化的完整公开菜单；以下为开发蓝图,5,324,389,肉类 / 谷物 / 早餐 / 调味,中,中,按本阶段滚动增加订单交叉、加工比例与建设进度,
28,P3 系统展开,D-BLUEPRINT,未在本轮取得可直接结构化的完整公开菜单；以下为开发蓝图,5,338,406,肉类 / 谷物 / 早餐 / 调味,中,中,按本阶段滚动增加订单交叉、加工比例与建设进度,
29,P3 系统展开,D-BLUEPRINT,未在本轮取得可直接结构化的完整公开菜单；以下为开发蓝图,5,352,422,肉类 / 谷物 / 早餐 / 调味,中,中,按本阶段滚动增加订单交叉、加工比例与建设进度,
30,P3 系统展开,D-BLUEPRINT,未在本轮取得可直接结构化的完整公开菜单；以下为开发蓝图,6,366,439,肉类 / 谷物 / 早餐 / 调味,中,中,开发蓝图：首次中周期活动硬解锁,
31,P3 系统展开,D-BLUEPRINT,未在本轮取得可直接结构化的完整公开菜单；以下为开发蓝图,5,380,456,肉类 / 谷物 / 早餐 / 调味,中,中,按本阶段滚动增加订单交叉、加工比例与建设进度,
32,P3 系统展开,D-BLUEPRINT,未在本轮取得可直接结构化的完整公开菜单；以下为开发蓝图,5,394,473,肉类 / 谷物 / 早餐 / 调味,中,中,按本阶段滚动增加订单交叉、加工比例与建设进度,
33,P3 系统展开,D-BLUEPRINT,未在本轮取得可直接结构化的完整公开菜单；以下为开发蓝图,5,408,490,肉类 / 谷物 / 早餐 / 调味,中,中,按本阶段滚动增加订单交叉、加工比例与建设进度,
34,P3 系统展开,D-BLUEPRINT,未在本轮取得可直接结构化的完整公开菜单；以下为开发蓝图,5,422,506,肉类 / 谷物 / 早餐 / 调味,中,中,按本阶段滚动增加订单交叉、加工比例与建设进度,
35,P3 系统展开,D-BLUEPRINT,未在本轮取得可直接结构化的完整公开菜单；以下为开发蓝图,6,436,523,肉类 / 谷物 / 早餐 / 调味,中,中,开发蓝图：海鲜生成器,
36,P4 中期经营,D-BLUEPRINT,未在本轮取得可直接结构化的完整公开菜单；以下为开发蓝图,5,455,569,海鲜 / 汤品 / 面点,中,中-高,按本阶段滚动增加订单交叉、加工比例与建设进度,
37,P4 中期经营,D-BLUEPRINT,未在本轮取得可直接结构化的完整公开菜单；以下为开发蓝图,5,472,590,海鲜 / 汤品 / 面点,中,中-高,按本阶段滚动增加订单交叉、加工比例与建设进度,
38,P4 中期经营,D-BLUEPRINT,未在本轮取得可直接结构化的完整公开菜单；以下为开发蓝图,5,489,611,海鲜 / 汤品 / 面点,中,中-高,按本阶段滚动增加订单交叉、加工比例与建设进度,
39,P4 中期经营,D-BLUEPRINT,未在本轮取得可直接结构化的完整公开菜单；以下为开发蓝图,5,506,633,海鲜 / 汤品 / 面点,中,中-高,按本阶段滚动增加订单交叉、加工比例与建设进度,
40,P4 中期经营,D-BLUEPRINT,未在本轮取得可直接结构化的完整公开菜单；以下为开发蓝图,6,523,654,海鲜 / 汤品 / 面点,中,中-高,开发蓝图：汤锅/炖煮类厨具,
41,P4 中期经营,D-BLUEPRINT,未在本轮取得可直接结构化的完整公开菜单；以下为开发蓝图,5,540,675,海鲜 / 汤品 / 面点,中,中-高,按本阶段滚动增加订单交叉、加工比例与建设进度,
42,P4 中期经营,D-BLUEPRINT,未在本轮取得可直接结构化的完整公开菜单；以下为开发蓝图,5,557,696,海鲜 / 汤品 / 面点,中,中-高,按本阶段滚动增加订单交叉、加工比例与建设进度,
43,P4 中期经营,D-BLUEPRINT,未在本轮取得可直接结构化的完整公开菜单；以下为开发蓝图,5,574,718,海鲜 / 汤品 / 面点,中,中-高,按本阶段滚动增加订单交叉、加工比例与建设进度,
44,P4 中期经营,D-BLUEPRINT,未在本轮取得可直接结构化的完整公开菜单；以下为开发蓝图,5,591,739,海鲜 / 汤品 / 面点,中,中-高,按本阶段滚动增加订单交叉、加工比例与建设进度,
45,P4 中期经营,D-BLUEPRINT,未在本轮取得可直接结构化的完整公开菜单；以下为开发蓝图,6,608,760,海鲜 / 汤品 / 面点,中,中-高,开发蓝图：面点/蒸制链,
46,P4 中期经营,D-BLUEPRINT,未在本轮取得可直接结构化的完整公开菜单；以下为开发蓝图,5,625,781,海鲜 / 汤品 / 面点,中,中-高,按本阶段滚动增加订单交叉、加工比例与建设进度,
47,P4 中期经营,D-BLUEPRINT,未在本轮取得可直接结构化的完整公开菜单；以下为开发蓝图,5,642,803,海鲜 / 汤品 / 面点,中,中-高,按本阶段滚动增加订单交叉、加工比例与建设进度,
48,P4 中期经营,D-BLUEPRINT,未在本轮取得可直接结构化的完整公开菜单；以下为开发蓝图,5,659,824,海鲜 / 汤品 / 面点,中,中-高,按本阶段滚动增加订单交叉、加工比例与建设进度,
49,P4 中期经营,D-BLUEPRINT,未在本轮取得可直接结构化的完整公开菜单；以下为开发蓝图,5,676,845,海鲜 / 汤品 / 面点,中,中-高,按本阶段滚动增加订单交叉、加工比例与建设进度,
50,P4 中期经营,D-BLUEPRINT,未在本轮取得可直接结构化的完整公开菜单；以下为开发蓝图,6,693,866,海鲜 / 汤品 / 面点,中,中-高,开发蓝图：第三建设分区,
51,P5 复合烹饪,E-VIDEO,存在连续公开菜谱视频，可逐帧转录,6,720,900,酒饮 / 高阶肉类 / 精加工甜点,中-高,中-高,按本阶段滚动增加订单交叉、加工比例与建设进度,
52,P5 复合烹饪,E-VIDEO,存在连续公开菜谱视频，可逐帧转录,6,740,925,酒饮 / 高阶肉类 / 精加工甜点,中-高,中-高,按本阶段滚动增加订单交叉、加工比例与建设进度,
53,P5 复合烹饪,E-VIDEO,存在连续公开菜谱视频，可逐帧转录,6,760,950,酒饮 / 高阶肉类 / 精加工甜点,中-高,中-高,按本阶段滚动增加订单交叉、加工比例与建设进度,
54,P5 复合烹饪,E-VIDEO,存在连续公开菜谱视频，可逐帧转录,6,780,975,酒饮 / 高阶肉类 / 精加工甜点,中-高,中-高,按本阶段滚动增加订单交叉、加工比例与建设进度,
55,P5 复合烹饪,E-VIDEO,存在连续公开菜谱视频，可逐帧转录,6,800,1000,酒饮 / 高阶肉类 / 精加工甜点,中-高,中-高,开发蓝图：酒饮/高级饮料柜,
56,P5 复合烹饪,E-VIDEO,存在连续公开菜谱视频，可逐帧转录,7,820,1025,酒饮 / 高阶肉类 / 精加工甜点,中-高,中-高,按本阶段滚动增加订单交叉、加工比例与建设进度,
57,P5 复合烹饪,E-VIDEO,存在连续公开菜谱视频，可逐帧转录,6,840,1050,酒饮 / 高阶肉类 / 精加工甜点,中-高,中-高,按本阶段滚动增加订单交叉、加工比例与建设进度,
58,P5 复合烹饪,E-VIDEO,存在连续公开菜谱视频，可逐帧转录,6,860,1075,酒饮 / 高阶肉类 / 精加工甜点,中-高,中-高,按本阶段滚动增加订单交叉、加工比例与建设进度,
59,P5 复合烹饪,E-VIDEO,存在连续公开菜谱视频，可逐帧转录,6,880,1100,酒饮 / 高阶肉类 / 精加工甜点,中-高,中-高,按本阶段滚动增加订单交叉、加工比例与建设进度,
60,P5 复合烹饪,E-VIDEO,存在连续公开菜谱视频，可逐帧转录,6,900,1125,酒饮 / 高阶肉类 / 精加工甜点,中-高,中-高,开发蓝图：甜点加工台,
61,P5 复合烹饪,D-BLUEPRINT,未在本轮取得可直接结构化的完整公开菜单；以下为开发蓝图,6,920,1150,酒饮 / 高阶肉类 / 精加工甜点,中-高,中-高,按本阶段滚动增加订单交叉、加工比例与建设进度,
62,P5 复合烹饪,D-BLUEPRINT,未在本轮取得可直接结构化的完整公开菜单；以下为开发蓝图,6,940,1175,酒饮 / 高阶肉类 / 精加工甜点,中-高,中-高,按本阶段滚动增加订单交叉、加工比例与建设进度,
63,P5 复合烹饪,D-BLUEPRINT,未在本轮取得可直接结构化的完整公开菜单；以下为开发蓝图,7,960,1200,酒饮 / 高阶肉类 / 精加工甜点,中-高,中-高,按本阶段滚动增加订单交叉、加工比例与建设进度,
64,P5 复合烹饪,D-BLUEPRINT,未在本轮取得可直接结构化的完整公开菜单；以下为开发蓝图,6,980,1225,酒饮 / 高阶肉类 / 精加工甜点,中-高,中-高,按本阶段滚动增加订单交叉、加工比例与建设进度,
65,P5 复合烹饪,D-BLUEPRINT,未在本轮取得可直接结构化的完整公开菜单；以下为开发蓝图,6,1000,1250,酒饮 / 高阶肉类 / 精加工甜点,中-高,中-高,按本阶段滚动增加订单交叉、加工比例与建设进度,
66,P5 复合烹饪,D-BLUEPRINT,未在本轮取得可直接结构化的完整公开菜单；以下为开发蓝图,6,1020,1275,酒饮 / 高阶肉类 / 精加工甜点,中-高,中-高,按本阶段滚动增加订单交叉、加工比例与建设进度,
67,P5 复合烹饪,D-BLUEPRINT,未在本轮取得可直接结构化的完整公开菜单；以下为开发蓝图,6,1040,1300,酒饮 / 高阶肉类 / 精加工甜点,中-高,中-高,按本阶段滚动增加订单交叉、加工比例与建设进度,
68,P5 复合烹饪,D-BLUEPRINT,未在本轮取得可直接结构化的完整公开菜单；以下为开发蓝图,6,1060,1325,酒饮 / 高阶肉类 / 精加工甜点,中-高,中-高,按本阶段滚动增加订单交叉、加工比例与建设进度,
69,P5 复合烹饪,D-BLUEPRINT,未在本轮取得可直接结构化的完整公开菜单；以下为开发蓝图,6,1080,1350,酒饮 / 高阶肉类 / 精加工甜点,中-高,中-高,按本阶段滚动增加订单交叉、加工比例与建设进度,
70,P5 复合烹饪,D-BLUEPRINT,未在本轮取得可直接结构化的完整公开菜单；以下为开发蓝图,7,1100,1375,酒饮 / 高阶肉类 / 精加工甜点,中-高,中-高,开发蓝图：多厨具连续加工,
71,P6 高阶调度,D-BLUEPRINT,未在本轮取得可直接结构化的完整公开菜单；以下为开发蓝图,6,1120,1456,复合饮品 / 高阶海鲜 / 多厨具菜,高,高,按本阶段滚动增加订单交叉、加工比例与建设进度,
72,P6 高阶调度,D-BLUEPRINT,未在本轮取得可直接结构化的完整公开菜单；以下为开发蓝图,6,1144,1487,复合饮品 / 高阶海鲜 / 多厨具菜,高,高,按本阶段滚动增加订单交叉、加工比例与建设进度,
73,P6 高阶调度,D-BLUEPRINT,未在本轮取得可直接结构化的完整公开菜单；以下为开发蓝图,6,1168,1518,复合饮品 / 高阶海鲜 / 多厨具菜,高,高,按本阶段滚动增加订单交叉、加工比例与建设进度,
74,P6 高阶调度,D-BLUEPRINT,未在本轮取得可直接结构化的完整公开菜单；以下为开发蓝图,6,1192,1550,复合饮品 / 高阶海鲜 / 多厨具菜,高,高,按本阶段滚动增加订单交叉、加工比例与建设进度,
75,P6 高阶调度,E-TEXT,有玩家公开记录：能量饮料+香槟、饮料柜、约700-800体力,6,1216,1581,复合饮品 / 高阶海鲜 / 多厨具菜,高,高,按本阶段滚动增加订单交叉、加工比例与建设进度,
76,P6 高阶调度,D-BLUEPRINT,未在本轮取得可直接结构化的完整公开菜单；以下为开发蓝图,6,1240,1612,复合饮品 / 高阶海鲜 / 多厨具菜,高,高,按本阶段滚动增加订单交叉、加工比例与建设进度,
77,P6 高阶调度,D-BLUEPRINT,未在本轮取得可直接结构化的完整公开菜单；以下为开发蓝图,7,1264,1643,复合饮品 / 高阶海鲜 / 多厨具菜,高,高,按本阶段滚动增加订单交叉、加工比例与建设进度,
78,P6 高阶调度,D-BLUEPRINT,未在本轮取得可直接结构化的完整公开菜单；以下为开发蓝图,6,1288,1674,复合饮品 / 高阶海鲜 / 多厨具菜,高,高,按本阶段滚动增加订单交叉、加工比例与建设进度,
79,P6 高阶调度,D-BLUEPRINT,未在本轮取得可直接结构化的完整公开菜单；以下为开发蓝图,6,1312,1706,复合饮品 / 高阶海鲜 / 多厨具菜,高,高,按本阶段滚动增加订单交叉、加工比例与建设进度,
80,P6 高阶调度,E-PUBLIC,存在公开菜单/论坛条目或截图,6,1336,1737,复合饮品 / 高阶海鲜 / 多厨具菜,高,高,公开资料存在该日菜单；开发蓝图进入高阶并行调度,
81,P6 高阶调度,D-BLUEPRINT,未在本轮取得可直接结构化的完整公开菜单；以下为开发蓝图,6,1360,1768,复合饮品 / 高阶海鲜 / 多厨具菜,高,高,按本阶段滚动增加订单交叉、加工比例与建设进度,
82,P6 高阶调度,E-PUBLIC,存在公开菜单/论坛条目或截图,6,1384,1799,复合饮品 / 高阶海鲜 / 多厨具菜,高,高,按本阶段滚动增加订单交叉、加工比例与建设进度,
83,P6 高阶调度,E-PUBLIC,存在公开菜单/论坛条目或截图,6,1408,1830,复合饮品 / 高阶海鲜 / 多厨具菜,高,高,按本阶段滚动增加订单交叉、加工比例与建设进度,
84,P6 高阶调度,E-PUBLIC,存在公开菜单/论坛条目或截图,7,1432,1862,复合饮品 / 高阶海鲜 / 多厨具菜,高,高,按本阶段滚动增加订单交叉、加工比例与建设进度,
85,P6 高阶调度,D-BLUEPRINT,未在本轮取得可直接结构化的完整公开菜单；以下为开发蓝图,6,1456,1893,复合饮品 / 高阶海鲜 / 多厨具菜,高,高,按本阶段滚动增加订单交叉、加工比例与建设进度,
86,P6 高阶调度,D-BLUEPRINT,未在本轮取得可直接结构化的完整公开菜单；以下为开发蓝图,6,1480,1924,复合饮品 / 高阶海鲜 / 多厨具菜,高,高,按本阶段滚动增加订单交叉、加工比例与建设进度,
87,P6 高阶调度,E-PUBLIC,存在公开菜单/论坛条目或截图,6,1504,1955,复合饮品 / 高阶海鲜 / 多厨具菜,高,高,按本阶段滚动增加订单交叉、加工比例与建设进度,
88,P6 高阶调度,D-BLUEPRINT,未在本轮取得可直接结构化的完整公开菜单；以下为开发蓝图,6,1528,1986,复合饮品 / 高阶海鲜 / 多厨具菜,高,高,按本阶段滚动增加订单交叉、加工比例与建设进度,
89,P6 高阶调度,D-BLUEPRINT,未在本轮取得可直接结构化的完整公开菜单；以下为开发蓝图,6,1552,2018,复合饮品 / 高阶海鲜 / 多厨具菜,高,高,按本阶段滚动增加订单交叉、加工比例与建设进度,
90,P6 高阶调度,D-BLUEPRINT,未在本轮取得可直接结构化的完整公开菜单；以下为开发蓝图,6,1576,2049,复合饮品 / 高阶海鲜 / 多厨具菜,高,高,开发蓝图：第四建设分区,
91,P7 长线终局,D-BLUEPRINT,未在本轮取得可直接结构化的完整公开菜单；以下为开发蓝图,7,1600,2080,高阶复合菜 / 多来源并行 / 长线收藏菜,高（须避免与高冷却同时叠满）,高,按本阶段滚动增加订单交叉、加工比例与建设进度,
92,P7 长线终局,D-BLUEPRINT,未在本轮取得可直接结构化的完整公开菜单；以下为开发蓝图,6,1628,2116,高阶复合菜 / 多来源并行 / 长线收藏菜,高（须避免与高冷却同时叠满）,高,按本阶段滚动增加订单交叉、加工比例与建设进度,
93,P7 长线终局,D-BLUEPRINT,未在本轮取得可直接结构化的完整公开菜单；以下为开发蓝图,6,1656,2153,高阶复合菜 / 多来源并行 / 长线收藏菜,高（须避免与高冷却同时叠满）,高,按本阶段滚动增加订单交叉、加工比例与建设进度,
94,P7 长线终局,D-BLUEPRINT,未在本轮取得可直接结构化的完整公开菜单；以下为开发蓝图,6,1684,2189,高阶复合菜 / 多来源并行 / 长线收藏菜,高（须避免与高冷却同时叠满）,高,按本阶段滚动增加订单交叉、加工比例与建设进度,
95,P7 长线终局,D-BLUEPRINT,未在本轮取得可直接结构化的完整公开菜单；以下为开发蓝图,6,1712,2226,高阶复合菜 / 多来源并行 / 长线收藏菜,高（须避免与高冷却同时叠满）,高,按本阶段滚动增加订单交叉、加工比例与建设进度,
96,P7 长线终局,D-BLUEPRINT,未在本轮取得可直接结构化的完整公开菜单；以下为开发蓝图,6,1740,2262,高阶复合菜 / 多来源并行 / 长线收藏菜,高（须避免与高冷却同时叠满）,高,按本阶段滚动增加订单交叉、加工比例与建设进度,
97,P7 长线终局,D-BLUEPRINT,未在本轮取得可直接结构化的完整公开菜单；以下为开发蓝图,6,1768,2298,高阶复合菜 / 多来源并行 / 长线收藏菜,高（须避免与高冷却同时叠满）,高,按本阶段滚动增加订单交叉、加工比例与建设进度,
98,P7 长线终局,E-PUBLIC,存在公开菜单/论坛条目或截图,7,1796,2335,高阶复合菜 / 多来源并行 / 长线收藏菜,高（须避免与高冷却同时叠满）,高,按本阶段滚动增加订单交叉、加工比例与建设进度,
99,P7 长线终局,E-PUBLIC,存在公开菜单/论坛条目或截图,6,1824,2371,高阶复合菜 / 多来源并行 / 长线收藏菜,高（须避免与高冷却同时叠满）,高,按本阶段滚动增加订单交叉、加工比例与建设进度,
100,P7 长线终局,D-BLUEPRINT,未在本轮取得可直接结构化的完整公开菜单；以下为开发蓝图,6,1852,2408,高阶复合菜 / 多来源并行 / 长线收藏菜,高（须避免与高冷却同时叠满）,高,开发蓝图：终局菜谱组,
101,P7 长线终局,E-PUBLIC,存在公开菜单/论坛条目或截图,6,1880,2444,高阶复合菜 / 多来源并行 / 长线收藏菜,高（须避免与高冷却同时叠满）,高,按本阶段滚动增加订单交叉、加工比例与建设进度,
102,P7 长线终局,E-PUBLIC,存在公开菜单/论坛条目或截图,6,1908,2480,高阶复合菜 / 多来源并行 / 长线收藏菜,高（须避免与高冷却同时叠满）,高,按本阶段滚动增加订单交叉、加工比例与建设进度,
103,P7 长线终局,E-PUBLIC,存在公开菜单/论坛条目或截图,6,1936,2517,高阶复合菜 / 多来源并行 / 长线收藏菜,高（须避免与高冷却同时叠满）,高,按本阶段滚动增加订单交叉、加工比例与建设进度,
104,P7 长线终局,E-PUBLIC,存在公开菜单/论坛条目或截图,6,1964,2553,高阶复合菜 / 多来源并行 / 长线收藏菜,高（须避免与高冷却同时叠满）,高,按本阶段滚动增加订单交叉、加工比例与建设进度,
105,P7 长线终局,E-PUBLIC,存在公开菜单/论坛条目或截图,7,1992,2590,高阶复合菜 / 多来源并行 / 长线收藏菜,高（须避免与高冷却同时叠满）,高,按本阶段滚动增加订单交叉、加工比例与建设进度,
106,P7 长线终局,E-PUBLIC,存在公开菜单/论坛条目或截图,6,2020,2626,高阶复合菜 / 多来源并行 / 长线收藏菜,高（须避免与高冷却同时叠满）,高,按本阶段滚动增加订单交叉、加工比例与建设进度,
107,P7 长线终局,E-PUBLIC,存在公开菜单/论坛条目或截图,6,2048,2662,高阶复合菜 / 多来源并行 / 长线收藏菜,高（须避免与高冷却同时叠满）,高,按本阶段滚动增加订单交叉、加工比例与建设进度,
108,P7 长线终局,E-PUBLIC,存在公开菜单/论坛条目或截图,6,2076,2699,高阶复合菜 / 多来源并行 / 长线收藏菜,高（须避免与高冷却同时叠满）,高,按本阶段滚动增加订单交叉、加工比例与建设进度,
109,P7 长线终局,E-PUBLIC,存在公开菜单/论坛条目或截图,6,2104,2735,高阶复合菜 / 多来源并行 / 长线收藏菜,高（须避免与高冷却同时叠满）,高,按本阶段滚动增加订单交叉、加工比例与建设进度,
110,P7 长线终局,E-PUBLIC,存在公开菜单/论坛条目或截图,6,2132,2772,高阶复合菜 / 多来源并行 / 长线收藏菜,高（须避免与高冷却同时叠满）,高,110日阶段收束/下一章钩子,
