asset_id,days,post_url,image_url,role,role_confidence,author_completeness,transcription_status,fetch_status,note
"ev_day11_15_composite","11|12|13|14|15","https://www.taptap.cn/moment/793899686799870679","https://img2-tc.tapimg.com/moment/etag/FjTA5GPYN9u-i1XUfNH0DQyoiqwl_20260416175340.jpg/_tap_ugc.jpg","COMPOSITE_MENU_TABLE","HIGH","估计是没漏的","PENDING_VISUAL_TRANSCRIPTION","CDN_TIMEOUT_IN_WEB_TOOL","单张长表覆盖Day11-15；公开图片搜索可见缩略图。"
"ev_day16_menu","16","https://www.taptap.cn/moment/793897976891182314","https://img2-tc.tapimg.com/moment/etag/FhyM1Rfo1yiBl0MeQdAIB9zk7AoP_20260416174629.jpg/_tap_ugc.jpg","MENU_BY_PAGE_SEQUENCE","MEDIUM","应该没漏吧哈哈哈","PENDING_VISUAL_TRANSCRIPTION","CDN_TIMEOUT_IN_WEB_TOOL","Day映射按页面5图顺序推定，转录时需视觉确认。"
"ev_day17_menu","17","https://www.taptap.cn/moment/793897976891182314","https://img2-tc.tapimg.com/moment/etag/Fhz-lhqw1d2DXegLy89jSIYUXkuB_20260416174629.jpg/_tap_ugc.jpg","MENU_BY_PAGE_SEQUENCE","MEDIUM","应该没漏吧哈哈哈","PENDING_VISUAL_TRANSCRIPTION","CDN_TIMEOUT_IN_WEB_TOOL","Day映射按页面5图顺序推定，转录时需视觉确认。"
"ev_day18_menu","18","https://www.taptap.cn/moment/793897976891182314","https://img2-tc.tapimg.com/moment/etag/Fp4GPkQNK54FQh6H6ZzV8IxUfLLs_20260416174629.jpg/_tap_ugc.jpg","MENU_BY_PAGE_SEQUENCE","MEDIUM","应该没漏吧哈哈哈","PENDING_VISUAL_TRANSCRIPTION","CDN_TIMEOUT_IN_WEB_TOOL","Day映射按页面5图顺序推定，转录时需视觉确认。"
"ev_day19_menu","19","https://www.taptap.cn/moment/793897976891182314","https://img2-tc.tapimg.com/moment/etag/Fvi-vigQkKjDS8mheULV8gJMnvxs_20260416174629.jpg/_tap_ugc.jpg","MENU_BY_PAGE_SEQUENCE","MEDIUM","应该没漏吧哈哈哈","PENDING_VISUAL_TRANSCRIPTION","CDN_TIMEOUT_IN_WEB_TOOL","Day映射按页面5图顺序推定，转录时需视觉确认。"
"ev_day20_menu","20","https://www.taptap.cn/moment/793897976891182314","https://img2-tc.tapimg.com/moment/etag/FkgWX3ZgJ-gKCDiqc7VIAwtlrmkx_20260416174630.jpg/_tap_ugc.jpg","MENU_BY_PAGE_SEQUENCE","MEDIUM","应该没漏吧哈哈哈","PENDING_VISUAL_TRANSCRIPTION","CDN_TIMEOUT_IN_WEB_TOOL","Day映射按页面5图顺序推定，转录时需视觉确认。"
"ev_day80_ingredients","80","https://www.taptap.cn/moment/790629105325312627","https://img2-tc.tapimg.com/moment/etag/FniP10wxWo01-Dqv9kFJz4LLJeCM_20260407171012.png/_tap_ugc.jpg","INGREDIENT_REQUIREMENTS","HIGH","","TRANSCRIBED_PARTIAL","CDN_TIMEOUT_IN_WEB_TOOL","帖子顺序：先食材需求，再菜单。"
"ev_day80_menu","80","https://www.taptap.cn/moment/790629105325312627","https://img2-tc.tapimg.com/moment/etag/Fl8KQL2h1DKL5JtfNgpCMEsjuart_20260407171639.png/_tap_ugc.jpg","MENU","HIGH","","TRANSCRIBED_7_ITEMS","CDN_TIMEOUT_IN_WEB_TOOL","已写入day080_public_transcript.json。"
"ev_day82_ingredients","82","https://www.taptap.cn/moment/790641292114657994","https://img2-tc.tapimg.com/moment/etag/FrPQhMOtLEBY3UKIazBvnPJgRPJ1_20260407180515.png/_tap_ugc.jpg","INGREDIENT_REQUIREMENTS","HIGH","","PENDING_VISUAL_TRANSCRIPTION","CDN_TIMEOUT_IN_WEB_TOOL","作者明确本日没有二次加工。"
"ev_day82_menu","82","https://www.taptap.cn/moment/790641292114657994","https://img2-tc.tapimg.com/moment/etag/FpwpLfJd5tWmLp96_Odx5Ws0tSyh_20260407180547.png/_tap_ugc.jpg","MENU","HIGH","","PENDING_VISUAL_TRANSCRIPTION","CDN_TIMEOUT_IN_WEB_TOOL","作者明确本日没有二次加工。"
"ev_day83_ingredients","83","https://www.taptap.cn/moment/790906865650238207","https://img2-tc.tapimg.com/moment/etag/Fgh4rkN0DXntcqG7KmFh8T85JdUV_20260408113907.png/_tap_ugc.jpg","INGREDIENT_REQUIREMENTS","HIGH","","PENDING_VISUAL_TRANSCRIPTION","CDN_TIMEOUT_IN_WEB_TOOL",""
"ev_day83_menu","83","https://www.taptap.cn/moment/790906865650238207","https://img2-tc.tapimg.com/moment/etag/FjL6ox94znoG2a0n7yk21fXPscuv_20260408113940.png/_tap_ugc.jpg","MENU","HIGH","","PENDING_VISUAL_TRANSCRIPTION","CDN_TIMEOUT_IN_WEB_TOOL",""
"ev_day84_ingredients","84","https://www.taptap.cn/moment/790906865650238207","https://img2-tc.tapimg.com/moment/etag/FlOcYT6DUMPP7GPk77RwHRkZtl39_20260408114025.png/_tap_ugc.jpg","INGREDIENT_REQUIREMENTS","HIGH","","TRANSCRIBED_PRODUCER_GROUPS","CDN_TIMEOUT_IN_WEB_TOOL",""
"ev_day84_menu","84","https://www.taptap.cn/moment/790906865650238207","https://img2-tc.tapimg.com/moment/etag/Fv8TvmPQ7r91Ug-kd7fyni6t-g4N_20260408114107.png/_tap_ugc.jpg","MENU","HIGH","","TRANSCRIBED_14_ITEMS","CDN_TIMEOUT_IN_WEB_TOOL",""
"ev_day106_menu","106","https://www.taptap.cn/moment/823602182489113413","https://img2-tc.tapimg.com/moment/etag/FhJcwiuka20aOYnFIY_BX5rjorC7_20260707165751.png/_tap_ugc.jpg","MENU","HIGH","","PENDING_VISUAL_TRANSCRIPTION","CDN_TIMEOUT_IN_WEB_TOOL",""
"ev_day107_menu","107","https://www.taptap.cn/moment/823602182489113413","https://img2-tc.tapimg.com/moment/etag/FiUgEFmo4JCwISA9qCsMDv4izkKK_20260707165847.png/_tap_ugc.jpg","MENU","HIGH","","PENDING_VISUAL_TRANSCRIPTION","CDN_TIMEOUT_IN_WEB_TOOL",""
"ev_day108_menu","108","https://www.taptap.cn/moment/823602182489113413","https://img2-tc.tapimg.com/moment/etag/FgLtqMrPyeWwli49oBKPj7v4STNF_20260707165909.png/_tap_ugc.jpg","MENU","HIGH","","PENDING_VISUAL_TRANSCRIPTION","CDN_TIMEOUT_IN_WEB_TOOL",""
"ev_day109_menu","109","https://www.taptap.cn/moment/823602182489113413","https://img2-tc.tapimg.com/moment/etag/FrG_AMqfjEhd36UcV9bFkB5DI1_K_20260707165956.png/_tap_ugc.jpg","MENU","HIGH","","PENDING_VISUAL_TRANSCRIPTION","CDN_TIMEOUT_IN_WEB_TOOL",""
"ev_day110_menu","110","https://www.taptap.cn/moment/823602182489113413","https://img2-tc.tapimg.com/moment/etag/Fqkz8wDONAbtIe52crMqOtMMkrtl_20260707170018.png/_tap_ugc.jpg","MENU","HIGH","","PENDING_VISUAL_TRANSCRIPTION","CDN_TIMEOUT_IN_WEB_TOOL",""
