screen_id,screen_name,presentation,network_policy,supports_loading,supports_ready,supports_empty,supports_error,supports_locked,supports_expired,shared_components
"UI00","Boot/启动","screen","local-first","Y","Y","N","Y","N","N","cmp_loading"
"UI01","账号登录/渠道授权","screen","server-backed","Y","Y","Y","Y","Y","Y","cmp_primary_button|cmp_secondary_button"
"UI02","资源更新","screen","server-backed","Y","Y","Y","Y","Y","Y","cmp_loading|cmp_primary_button|cmp_error_state"
"UI03","开场剧情","fullScreen","local-first","Y","Y","N","Y","N","N","cmp_character_portrait|cmp_dialogue_box|cmp_secondary_button"
"UI04","4×7教学棋盘","screen","local-first","Y","Y","N","Y","N","N","cmp_resource_bar|cmp_order_card|cmp_board_grid|cmp_board_cell|cmp_producer_node"
"UI05","9×7合成主盘","screen","server-backed","Y","Y","Y","Y","Y","Y","cmp_resource_bar|cmp_order_carousel|cmp_order_card|cmp_board_grid|cmp_board_cell|cmp_board_item|cmp_producer_node|cmp_cookware_node"
"UI06","订单详情","screen","server-backed","Y","Y","Y","Y","Y","Y","cmp_common_modal|cmp_requirement_item|cmp_reward_grid"
"UI07","物品详情","screen","local-first","Y","Y","Y","Y","Y","Y","cmp_common_modal|cmp_primary_button|cmp_secondary_button"
"UI08","合成链图鉴","screen","local-first","Y","Y","Y","Y","Y","Y","cmp_chain_node"
"UI09","发射器详情","screen","local-first","Y","Y","Y","Y","Y","Y","cmp_common_modal|cmp_countdown"
"UI10","厨具加工面板","screen","local-first","Y","Y","Y","Y","Y","Y","cmp_common_modal|cmp_recipe_card|cmp_countdown|cmp_primary_button"
"UI11","菜谱图鉴","screen","local-first","Y","Y","Y","Y","Y","Y","cmp_recipe_card"
"UI12","仓库/储物柜","screen","local-first","Y","Y","Y","Y","Y","Y","cmp_storage_grid|cmp_primary_button"
"UI13","体力补充","screen","server-backed","Y","Y","Y","Y","Y","Y","cmp_common_modal|cmp_countdown|cmp_product_card|cmp_offer_card"
"UI14","主街/美食街","fullScreen","server-backed","Y","Y","Y","Y","Y","Y","cmp_resource_bar|cmp_build_hotspot|cmp_npc_hotspot|cmp_event_card"
"UI15","建设节点详情","screen","server-backed","Y","Y","Y","Y","Y","Y","cmp_common_modal|cmp_build_hotspot|cmp_reward_grid|cmp_primary_button"
"UI16","建设完成","screen","server-backed","Y","Y","Y","Y","Y","Y","cmp_common_modal|cmp_reward_grid|cmp_primary_button"
"UI17","剧情对白","fullScreen","local-first","Y","Y","N","Y","N","N","cmp_character_portrait|cmp_dialogue_box"
"UI18","经营日完成","screen","server-backed","Y","Y","Y","Y","Y","Y","cmp_common_modal|cmp_reward_grid|cmp_primary_button"
"UI19","新内容解锁","screen","server-backed","Y","Y","Y","Y","Y","Y","cmp_common_modal|cmp_primary_button"
"UI20","商店首页","screen","server-backed","Y","Y","Y","Y","Y","Y","cmp_resource_bar|cmp_product_card|cmp_countdown"
"UI21","钻石充值","screen","server-backed","Y","Y","Y","Y","Y","Y","cmp_product_card"
"UI22","限时礼包","screen","server-backed","Y","Y","Y","Y","Y","Y","cmp_offer_card|cmp_countdown"
"UI23","升级礼包","screen","server-backed","Y","Y","Y","Y","Y","Y","cmp_offer_card|cmp_countdown"
"UI24","奖励广告确认","screen","server-backed","Y","Y","Y","Y","Y","Y","cmp_common_modal|cmp_reward_grid|cmp_primary_button"
"UI25","活动中心","screen","server-backed","Y","Y","Y","Y","Y","Y","cmp_event_card"
"UI26","时空追逐","screen","server-backed","Y","Y","Y","Y","Y","Y","cmp_milestone_track|cmp_ranking_row|cmp_countdown"
"UI27","芝士漂流","screen","server-backed","Y","Y","Y","Y","Y","Y","cmp_milestone_track|cmp_reward_grid|cmp_countdown"
"UI28","爆炒时刻","screen","server-backed","Y","Y","Y","Y","Y","Y","cmp_countdown|cmp_event_card|cmp_producer_node"
"UI29","烹调争霸赛","screen","server-backed","Y","Y","Y","Y","Y","Y","cmp_multiplier_selector|cmp_milestone_track|cmp_reward_grid|cmp_countdown"
"UI30","卡册首页","screen","server-backed","Y","Y","Y","Y","Y","Y","cmp_album_set|cmp_card_slot"
"UI31","卡组详情","screen","server-backed","Y","Y","Y","Y","Y","Y","cmp_card_slot|cmp_reward_grid"
"UI32","开卡包","fullScreen","server-backed","Y","Y","Y","Y","Y","Y","cmp_card_slot|cmp_reward_grid"
"UI33","重复卡/星星兑换","screen","server-backed","Y","Y","Y","Y","Y","Y","cmp_product_card|cmp_reward_grid"
"UI34","赛季/通行证","screen","server-backed","Y","Y","Y","Y","Y","Y","cmp_pass_track|cmp_task_row"
"UI35","邮箱","screen","server-backed","Y","Y","Y","Y","Y","Y","cmp_mail_row|cmp_primary_button"
"UI36","任务/成就","screen","server-backed","Y","Y","Y","Y","Y","Y","cmp_task_row"
"UI37","设置","screen","local-first","Y","Y","Y","Y","Y","Y","cmp_primary_button|cmp_secondary_button"
"UI38","账号绑定","screen","server-backed","Y","Y","Y","Y","Y","Y","cmp_primary_button|cmp_secondary_button"
"UI39","帮助/客服","screen","server-backed","Y","Y","Y","Y","Y","Y","cmp_task_row"
"UI40","网络断开","modal","local-first","Y","Y","N","Y","N","N","cmp_common_modal|cmp_error_state|cmp_primary_button"
"UI41","资源不足通用弹窗","modal","local-first","Y","Y","N","Y","N","N","cmp_common_modal|cmp_resource_chip|cmp_primary_button"
"UI42","通用奖励弹窗","modal","local-first","Y","Y","N","Y","N","N","cmp_common_modal|cmp_reward_grid|cmp_primary_button"
"UI43","排行榜","screen","server-backed","Y","Y","Y","Y","Y","Y","cmp_ranking_row|cmp_countdown"
"UI44","公告/更新说明","screen","server-backed","Y","Y","Y","Y","Y","Y","cmp_event_card"
"UI45","隐私/用户协议","screen","local-first","Y","Y","N","Y","N","N","cmp_primary_button|cmp_secondary_button"
