item_id,name,type,evidence_status,unlock_day,chain_id,level,producer_id,asset_id,notes
"item_fanqie","番茄","INGREDIENT","PUBLIC_TEXT",,,,,,
"item_caijiao","彩椒","INGREDIENT","PUBLIC_TEXT",,,,,,
"item_mogu","蘑菇","INGREDIENT","PUBLIC_TEXT",,,,,,
"item_lajiao","辣椒","INGREDIENT","PUBLIC_TEXT",,,,,,
"item_congduan","葱段","INGREDIENT","PUBLIC_TEXT",,,,,,
"item_huluobo","胡萝卜","INGREDIENT","PUBLIC_TEXT",,,,,,
"item_yangcong","洋葱","INGREDIENT","PUBLIC_TEXT",,,,,,
"item_kafeidou","咖啡豆","INGREDIENT","PUBLIC_TEXT",,,,,,
"item_nongsuokafei","浓缩咖啡","INGREDIENT","PUBLIC_TEXT",,,,,,
"item_kafei","咖啡","INGREDIENT","PUBLIC_TEXT",,,,,,
"item_bianxiekafei","便携咖啡","INGREDIENT","PUBLIC_TEXT",,,,,,
"item_bingkafei","冰咖啡","INGREDIENT","PUBLIC_TEXT",,,,,,
"item_lvcha","绿茶","INGREDIENT","PUBLIC_TEXT",,,,,,
"item_yumili","玉米粒","INGREDIENT","PUBLIC_TEXT",,,,,,
"item_xiangcaojia","香草荚","INGREDIENT","PUBLIC_TEXT",,,,,,
"item_yumi","玉米","INGREDIENT","PUBLIC_TEXT",,,,,,
"item_xiangcaozi","香草籽","INGREDIENT","PUBLIC_TEXT",,,,,,
"dish_shengcaishala","生菜沙拉","DISH","PUBLIC_TEXT",,,,,,
"item_chunniunai","纯牛奶","INGREDIENT","PUBLIC_TEXT",,,,,,
"item_boliwan","玻璃碗","SPECIAL","PUBLIC_TEXT",,,,,,
"dish_tangbanfanqie","糖拌番茄","DISH","PUBLIC_TEXT",,,,,,
"dish_caijiaocuipian","彩椒脆片","DISH","PUBLIC_TEXT",,,,,,
"dish_junxiangzhishijuan","菌香芝士卷","DISH","PUBLIC_TEXT",,,,,,
"dish_shengqiehuluobotiao","生切胡萝卜条","DISH","PUBLIC_TEXT",,,,,,
"item_lanmei","蓝莓","INGREDIENT","PUBLIC_TEXT",,,,,,
"dish_xianzhalanmeizhi","鲜榨蓝莓汁","DISH","PUBLIC_TEXT",,,,,,
"item_bingtang","冰糖","INGREDIENT","PUBLIC_TEXT",,,,,,
"item_caomei","草莓","INGREDIENT","PUBLIC_TEXT",,,,,,
"dish_caomeiguolu","草莓果露","DISH","PUBLIC_TEXT",,,,,,
"item_ningmeng","柠檬","INGREDIENT","PUBLIC_TEXT",,,,,,
"dish_shoudaningmengzhi","手打柠檬汁","DISH","PUBLIC_TEXT",,,,,,
"item_shenhongkafei","深烘咖啡","INGREDIENT","PUBLIC_TEXT",,,,,,
"item_hongcha","红茶","INGREDIENT","PUBLIC_TEXT",,,,,,
"item_huangyou","黄油","INGREDIENT","PUBLIC_TEXT",,,,,,
"dish_zhenzhunaicha","珍珠奶茶","DISH","PUBLIC_TEXT",,,,,,
"item_tangjiang","糖浆","INGREDIENT","PUBLIC_TEXT",,,,,,
"dish_baomihua","爆米花","DISH","PUBLIC_TEXT",,,,,,
"item_pingguo","苹果","INGREDIENT","PUBLIC_TEXT",,,,,,
"dish_pingguoguoyin","苹果果饮","DISH","PUBLIC_TEXT",,,,,,
"item_zhishipian","芝士片","INGREDIENT","PUBLIC_IMAGE",,,,,,
"item_rouchang","肉肠","INGREDIENT","PUBLIC_IMAGE",,,,,,
"item_peigen","培根","INGREDIENT","PUBLIC_IMAGE",,,,,,
"item_rouwan","肉丸","INGREDIENT","PUBLIC_IMAGE",,,,,,
"item_niuxiongrou","牛胸肉","INGREDIENT","PUBLIC_IMAGE",,,,,,
"dish_kaochang","烤肠","DISH","PUBLIC_IMAGE",,,,,,
"dish_yanxunniuxiongrou","烟熏牛胸肉","DISH","PUBLIC_IMAGE",,,,,,
"item_nengliangyinliao","能量饮料","INGREDIENT","PLAYER_REPORT",,,,,,
"item_xiangbin","香槟","INGREDIENT","PLAYER_REPORT",,,,,,
