"producer_id","name","level","energy_cost","capacity","cooldown_sec","unlock_day","evidence_status","notes"
"prod_shucaileizi","蔬菜篮子","","","","","84","PLAYER_REPORT","公开玩家资料点名；参数待采"
"prod_bingxiang","冰箱","","","","","","PLAYER_REPORT","公开玩家资料点名；参数待采"
"prod_shuiguolanzi","水果篮子","","","","","","PLAYER_REPORT","公开玩家资料点名；参数待采"
"prod_yinliaogui","饮料柜","","","","","75","PLAYER_REPORT","Day75玩家称与香槟同源"
"prod_binggui","冰柜","","","","","84","PUBLIC_IMAGE","Day84所需食材截图直接分组；暂不与玩家口述“冰箱”合并"
"prod_xianrouxiaoshou","鲜肉销售","","","","","84","PUBLIC_IMAGE","Day84所需食材截图直接分组"
"prod_guopen","果盆","","","","","84","PUBLIC_IMAGE","Day84所需食材截图直接分组"
"prod_haitiaogongju","海钓工具","","","","","84","PUBLIC_IMAGE","Day84所需食材截图直接分组"
"prod_jiushuiyinliaotai","酒水饮料台","","","","","84","PUBLIC_IMAGE","Day84所需食材截图直接分组"
"prod_wugumicang","五谷米仓","","","","","84","PUBLIC_IMAGE","Day84图标注大米×2"
