"producer_id","output_item_id","weight","observed_day","evidence_status","notes"
"prod_yinliaogui","item_nengliangyinliao","","75","PLAYER_REPORT","Day75玩家称与香槟同源"
"prod_yinliaogui","item_xiangbin","","75","PLAYER_REPORT","Day75玩家称与能量饮料同源"
"prod_shucaileizi","item_yangcong","","84","PUBLIC_IMAGE","Day84所需食材截图直接分组"
"prod_binggui","item_shenhongkafei","","84","PUBLIC_IMAGE","Day84所需食材截图直接分组；暂不与玩家口述“冰箱”合并"
"prod_binggui","item_wulongcha","","84","PUBLIC_IMAGE","Day84所需食材截图直接分组"
"prod_binggui","item_huangyou","","84","PUBLIC_IMAGE","Day84所需食材截图直接分组"
"prod_xianrouxiaoshou","item_zhouzi","","84","PUBLIC_IMAGE","Day84所需食材截图直接分组"
"prod_xianrouxiaoshou","item_jixiongrou","","84","PUBLIC_IMAGE","Day84所需食材截图直接分组"
"prod_xianrouxiaoshou","item_daiguquanji","","84","PUBLIC_IMAGE","Day84所需食材截图直接分组"
"prod_guopen","item_lanmei","","84","PUBLIC_IMAGE","Day84所需食材截图直接分组"
"prod_guopen","item_caomei","","84","PUBLIC_IMAGE","Day84所需食材截图直接分组"
"prod_guopen","item_ningmeng","","84","PUBLIC_IMAGE","Day84所需食材截图直接分组"
"prod_guopen","item_mangguo","","84","PUBLIC_IMAGE","Day84所需食材截图直接分组"
"prod_guopen","item_fengmi","","84","PUBLIC_IMAGE","Day84所需食材截图直接分组"
"prod_haitiaogongju","item_shenghao","","84","PUBLIC_IMAGE","Day84所需食材截图直接分组"
"prod_jiushuiyinliaotai","item_kele","","84","PUBLIC_IMAGE","Day84所需食材截图直接分组"
"prod_jiushuiyinliaotai","item_jiangzhishui","","84","PUBLIC_IMAGE","Day84图标注姜汁水×2"
"prod_jiushuiyinliaotai","item_futejia","","84","PUBLIC_IMAGE","Day84所需食材截图直接分组"
"prod_jiushuiyinliaotai","item_langmu","","84","PUBLIC_IMAGE","Day84所需食材截图直接分组"
"prod_wugumicang","item_dami","","84","PUBLIC_IMAGE","Day84图标注大米×2"
"prod_wugumicang","item_yanmai","","84","PUBLIC_IMAGE","Day84所需食材截图直接分组"
