producer_id,name,level,energy_cost,capacity,cooldown_sec,output_item_id,weight,unlock_day,evidence_status,notes
prod_shucaileizi,蔬菜篮子,,,,,,,,PLAYER_REPORT,"公开玩家资料点名；参数待采"
prod_bingxiang,冰箱,,,,,,,,PLAYER_REPORT,"公开玩家资料点名；参数待采"
prod_shuiguolanzi,水果篮子,,,,,,,,PLAYER_REPORT,"公开玩家资料点名；参数待采"
prod_yinliaogui,饮料柜,,,,,item_nengliangyinliao,,75,PLAYER_REPORT,"Day75玩家称与香槟同源"
prod_yinliaogui,饮料柜,,,,,item_xiangbin,,75,PLAYER_REPORT,"Day75玩家称与能量饮料同源"
"prod_shucaileizi","蔬菜篮子","","","","","item_yangcong","","84","PUBLIC_IMAGE","Day84所需食材截图直接分组"
"prod_binggui","冰柜","","","","","item_shenhongkafei","","84","PUBLIC_IMAGE","Day84所需食材截图直接分组；暂不与玩家口述“冰箱”合并"
"prod_binggui","冰柜","","","","","item_wulongcha","","84","PUBLIC_IMAGE","Day84所需食材截图直接分组"
"prod_binggui","冰柜","","","","","item_huangyou","","84","PUBLIC_IMAGE","Day84所需食材截图直接分组"
"prod_xianrouxiaoshou","鲜肉销售","","","","","item_zhouzi","","84","PUBLIC_IMAGE","Day84所需食材截图直接分组"
"prod_xianrouxiaoshou","鲜肉销售","","","","","item_jixiongrou","","84","PUBLIC_IMAGE","Day84所需食材截图直接分组"
"prod_xianrouxiaoshou","鲜肉销售","","","","","item_daiguquanji","","84","PUBLIC_IMAGE","Day84所需食材截图直接分组"
"prod_guopen","果盆","","","","","item_lanmei","","84","PUBLIC_IMAGE","Day84所需食材截图直接分组"
"prod_guopen","果盆","","","","","item_caomei","","84","PUBLIC_IMAGE","Day84所需食材截图直接分组"
"prod_guopen","果盆","","","","","item_ningmeng","","84","PUBLIC_IMAGE","Day84所需食材截图直接分组"
"prod_guopen","果盆","","","","","item_mangguo","","84","PUBLIC_IMAGE","Day84所需食材截图直接分组"
"prod_guopen","果盆","","","","","item_fengmi","","84","PUBLIC_IMAGE","Day84所需食材截图直接分组"
"prod_haitiaogongju","海钓工具","","","","","item_shenghao","","84","PUBLIC_IMAGE","Day84所需食材截图直接分组"
"prod_jiushuiyinliaotai","酒水饮料台","","","","","item_kele","","84","PUBLIC_IMAGE","Day84所需食材截图直接分组"
"prod_jiushuiyinliaotai","酒水饮料台","","","","","item_jiangzhishui","","84","PUBLIC_IMAGE","Day84图标注姜汁水×2"
"prod_jiushuiyinliaotai","酒水饮料台","","","","","item_futejia","","84","PUBLIC_IMAGE","Day84所需食材截图直接分组"
"prod_jiushuiyinliaotai","酒水饮料台","","","","","item_langmu","","84","PUBLIC_IMAGE","Day84所需食材截图直接分组"
"prod_wugumicang","五谷米仓","","","","","item_dami","","84","PUBLIC_IMAGE","Day84图标注大米×2"
"prod_wugumicang","五谷米仓","","","","","item_yanmai","","84","PUBLIC_IMAGE","Day84所需食材截图直接分组"
