day,recipe_name,raw_ingredients_text,source_ref,confidence,note
"101","奶油","奶油","turn284610image0","C",""
"101","酥烤肥蟹","螃蟹","turn284610image0","C",""
"101","乌龙茶","乌龙茶","turn284610image0","C",""
"101","早餐三明治","芝士片｜蛋｜培根｜纯牛奶｜蛋｜小麦粉｜玻璃碗","turn284610image0","C","截图中配方为多段中间食谱，先保存原始可见材料文字，后续拆DAG"
"101","汤力水","汤力水","turn284610image0","C",""
"101","晶莹鲜虾饺","虾｜矿泉水｜小麦粉｜蒸笼","turn284610image0","C",""
"101","糖豆","糖豆","turn284610image0","C",""
"101","朗姆可乐","朗姆｜可乐","turn284610image0","C",""
"101","手撕紫甘蓝","紫甘蓝","turn284610image0","C",""
"101","酥香鳕鱼","鳕鱼","turn284610image0","C",""
"102","炭烤琵琶腿","琵琶腿","turn284610image3","C",""
"102","香菇肠粉","香菇｜茶楼秘制配方3｜肥鹅牌酱油","turn284610image3","C",""
"102","乌龙茶","乌龙茶","turn284610image3","C",""
"102","椰汁奶白小丸","冰糖｜椰奶｜茶楼秘制配方1","turn284610image3","C",""
"102","新鲜生蚝","生蚝","turn284610image3","C",""
"102","威士忌苏打","威士忌｜苏打水","turn284610image3","C",""
"102","姜汁水","姜汁水","turn284610image3","C",""
"102","流沙奶黄包","黄油｜鸡蛋｜冰糖｜矿泉水｜小麦粉｜茶楼秘制配方2｜玻璃碗｜蒸笼","turn284610image3","C",""
"102","大杯美式","大杯美式","turn284610image3","C",""
"102","手撕紫甘蓝","紫甘蓝","turn284610image3","C",""
"103","烤土豆片","土豆","turn284610image1","C",""
"103","新鲜生蚝","生蚝","turn284610image1","C",""
"103","葡萄果肉饮","葡萄","turn284610image1","C",""
"103","焦糖马拉糕","鸡蛋｜焦糖｜小麦粉｜茶楼秘制配方1｜蒸笼","turn284610image1","C",""
"103","黄金烤肘子","肘子","turn284610image1","C",""
"103","威士忌苏打","威士忌｜苏打水","turn284610image1","C",""
"103","燕麦","燕麦","turn284610image1","C",""
"103","手撕紫甘蓝","紫甘蓝","turn284610image1","C",""
"103","大杯美式","大杯美式","turn284610image1","C",""
"104","什锦海鲜汤","番茄｜混合香叶｜鱿鱼｜扇贝","turn373988image0","C",""
"104","甜蛋酒","鸡蛋｜茶楼秘制配方5","turn373988image0","C",""
"104","烟熏牛胸肉","牛胸肉","turn373988image0","C",""
"104","新鲜生蚝","生蚝","turn373988image0","C",""
"104","鹅鹅手打柠檬茶","花茶｜柠檬","turn373988image0","C",""
"104","黄金烤肘子","肘子","turn373988image0","C",""
"104","手撕紫甘蓝","紫甘蓝","turn373988image0","C",""
"104","炭烧金枪鱼串","金枪鱼","turn373988image0","C","菜名依据截图视觉转录，后续用第二来源复核"
"104","巧克力","巧克力","turn373988image0","C",""
"104","蜜汁烤鸡","带骨全鸡","turn373988image0","C",""
"105","珍珠奶茶","绿茶｜纯牛奶｜糖浆","turn284610image2","C",""
"105","咸水角","香菇｜五花肉｜大米｜茶楼秘制配方4","turn284610image2","C",""
"105","鹅鹅手打柠檬茶","花茶｜柠檬","turn284610image2","C",""
"105","酥炸大鸡腿","洋葱｜鸡腿","turn284610image2","C",""
"105","威士忌酸酒","冰糖｜威士忌｜柠檬","turn284610image2","C",""
"105","流沙奶黄包","黄油｜鸡蛋｜冰糖｜矿泉水｜小麦粉｜茶楼秘制配方2｜玻璃碗｜蒸笼","turn284610image2","C",""
"105","奶油","奶油","turn284610image2","C",""
"105","彩椒土豆丝","彩椒｜土豆","turn284610image2","C",""
"105","酥烤肥蟹","螃蟹","turn284610image2","C",""
