build_id,area_id,node_index,unlock_day,coin_cost_dev,prerequisite,asset_before,asset_after,story_trigger,status,evidence_kind
"build_a01_01","area_01","1","1","80","","street_01_build_01_before","street_01_build_01_after","story_build_01_01","DEV_BLUEPRINT","DEV_BLUEPRINT"
"build_a01_02","area_01","2","3","90","build_a01_01","street_01_build_02_before","street_01_build_02_after","story_build_01_02","DEV_BLUEPRINT","DEV_BLUEPRINT"
"build_a01_03","area_01","3","4","100","build_a01_02","street_01_build_03_before","street_01_build_03_after","story_build_01_03","DEV_BLUEPRINT","DEV_BLUEPRINT"
"build_a01_04","area_01","4","6","120","build_a01_03","street_01_build_04_before","street_01_build_04_after","story_build_01_04","DEV_BLUEPRINT","DEV_BLUEPRINT"
"build_a01_05","area_01","5","8","140","build_a01_04","street_01_build_05_before","street_01_build_05_after","story_build_01_05","DEV_BLUEPRINT","DEV_BLUEPRINT"
"build_a01_06","area_01","6","10","160","build_a01_05","street_01_build_06_before","street_01_build_06_after","story_build_01_06","DEV_BLUEPRINT","DEV_BLUEPRINT"
"build_a01_07","area_01","7","11","180","build_a01_06","street_01_build_07_before","street_01_build_07_after","story_build_01_07","DEV_BLUEPRINT","DEV_BLUEPRINT"
"build_a01_08","area_01","8","13","210","build_a01_07","street_01_build_08_before","street_01_build_08_after","story_build_01_08","DEV_BLUEPRINT","DEV_BLUEPRINT"
"build_a01_09","area_01","9","15","240","build_a01_08","street_01_build_09_before","street_01_build_09_after","story_build_01_09","DEV_BLUEPRINT","DEV_BLUEPRINT"
"build_a01_10","area_01","10","17","270","build_a01_09","street_01_build_10_before","street_01_build_10_after","story_build_01_10","DEV_BLUEPRINT","DEV_BLUEPRINT"
"build_a01_11","area_01","11","18","310","build_a01_10","street_01_build_11_before","street_01_build_11_after","story_build_01_11","DEV_BLUEPRINT","DEV_BLUEPRINT"
"build_a01_12","area_01","12","20","350","build_a01_11","street_01_build_12_before","street_01_build_12_after","story_build_01_12","DEV_BLUEPRINT","DEV_BLUEPRINT"
"build_a02_01","area_02","1","21","410","build_a01_12","street_02_build_01_before","street_02_build_01_after","story_build_02_01","DEV_BLUEPRINT","DEV_BLUEPRINT"
"build_a02_02","area_02","2","24","470","build_a02_01","street_02_build_02_before","street_02_build_02_after","story_build_02_02","DEV_BLUEPRINT","DEV_BLUEPRINT"
"build_a02_03","area_02","3","26","530","build_a02_02","street_02_build_03_before","street_02_build_03_after","story_build_02_03","DEV_BLUEPRINT","DEV_BLUEPRINT"
"build_a02_04","area_02","4","29","610","build_a02_03","street_02_build_04_before","street_02_build_04_after","story_build_02_04","DEV_BLUEPRINT","DEV_BLUEPRINT"
"build_a02_05","area_02","5","32","700","build_a02_04","street_02_build_05_before","street_02_build_05_after","story_build_02_05","DEV_BLUEPRINT","DEV_BLUEPRINT"
"build_a02_06","area_02","6","34","800","build_a02_05","street_02_build_06_before","street_02_build_06_after","story_build_02_06","DEV_BLUEPRINT","DEV_BLUEPRINT"
"build_a02_07","area_02","7","37","920","build_a02_06","street_02_build_07_before","street_02_build_07_after","story_build_02_07","DEV_BLUEPRINT","DEV_BLUEPRINT"
"build_a02_08","area_02","8","39","1050","build_a02_07","street_02_build_08_before","street_02_build_08_after","story_build_02_08","DEV_BLUEPRINT","DEV_BLUEPRINT"
"build_a02_09","area_02","9","42","1200","build_a02_08","street_02_build_09_before","street_02_build_09_after","story_build_02_09","DEV_BLUEPRINT","DEV_BLUEPRINT"
"build_a02_10","area_02","10","45","1370","build_a02_09","street_02_build_10_before","street_02_build_10_after","story_build_02_10","DEV_BLUEPRINT","DEV_BLUEPRINT"
"build_a02_11","area_02","11","47","1570","build_a02_10","street_02_build_11_before","street_02_build_11_after","story_build_02_11","DEV_BLUEPRINT","DEV_BLUEPRINT"
"build_a02_12","area_02","12","50","1800","build_a02_11","street_02_build_12_before","street_02_build_12_after","story_build_02_12","DEV_BLUEPRINT","DEV_BLUEPRINT"
"build_a03_01","area_03","1","51","2060","build_a02_12","street_03_build_01_before","street_03_build_01_after","story_build_03_01","DEV_BLUEPRINT","DEV_BLUEPRINT"
"build_a03_02","area_03","2","54","2360","build_a03_01","street_03_build_02_before","street_03_build_02_after","story_build_03_02","DEV_BLUEPRINT","DEV_BLUEPRINT"
"build_a03_03","area_03","3","56","2700","build_a03_02","street_03_build_03_before","street_03_build_03_after","story_build_03_03","DEV_BLUEPRINT","DEV_BLUEPRINT"
"build_a03_04","area_03","4","59","3100","build_a03_03","street_03_build_04_before","street_03_build_04_after","story_build_03_04","DEV_BLUEPRINT","DEV_BLUEPRINT"
"build_a03_05","area_03","5","62","3550","build_a03_04","street_03_build_05_before","street_03_build_05_after","story_build_03_05","DEV_BLUEPRINT","DEV_BLUEPRINT"
"build_a03_06","area_03","6","64","4060","build_a03_05","street_03_build_06_before","street_03_build_06_after","story_build_03_06","DEV_BLUEPRINT","DEV_BLUEPRINT"
"build_a03_07","area_03","7","67","4650","build_a03_06","street_03_build_07_before","street_03_build_07_after","story_build_03_07","DEV_BLUEPRINT","DEV_BLUEPRINT"
"build_a03_08","area_03","8","69","5320","build_a03_07","street_03_build_08_before","street_03_build_08_after","story_build_03_08","DEV_BLUEPRINT","DEV_BLUEPRINT"
"build_a03_09","area_03","9","72","6090","build_a03_08","street_03_build_09_before","street_03_build_09_after","story_build_03_09","DEV_BLUEPRINT","DEV_BLUEPRINT"
"build_a03_10","area_03","10","75","6980","build_a03_09","street_03_build_10_before","street_03_build_10_after","story_build_03_10","DEV_BLUEPRINT","DEV_BLUEPRINT"
"build_a03_11","area_03","11","77","7990","build_a03_10","street_03_build_11_before","street_03_build_11_after","story_build_03_11","DEV_BLUEPRINT","DEV_BLUEPRINT"
"build_a03_12","area_03","12","80","9150","build_a03_11","street_03_build_12_before","street_03_build_12_after","story_build_03_12","DEV_BLUEPRINT","DEV_BLUEPRINT"
"build_a04_01","area_04","1","81","10470","build_a03_12","street_04_build_01_before","street_04_build_01_after","story_build_04_01","DEV_BLUEPRINT","DEV_BLUEPRINT"
"build_a04_02","area_04","2","84","11990","build_a04_01","street_04_build_02_before","street_04_build_02_after","story_build_04_02","DEV_BLUEPRINT","DEV_BLUEPRINT"
"build_a04_03","area_04","3","86","13730","build_a04_02","street_04_build_03_before","street_04_build_03_after","story_build_04_03","DEV_BLUEPRINT","DEV_BLUEPRINT"
"build_a04_04","area_04","4","89","15720","build_a04_03","street_04_build_04_before","street_04_build_04_after","story_build_04_04","DEV_BLUEPRINT","DEV_BLUEPRINT"
"build_a04_05","area_04","5","92","18000","build_a04_04","street_04_build_05_before","street_04_build_05_after","story_build_04_05","DEV_BLUEPRINT","DEV_BLUEPRINT"
"build_a04_06","area_04","6","94","20610","build_a04_05","street_04_build_06_before","street_04_build_06_after","story_build_04_06","DEV_BLUEPRINT","DEV_BLUEPRINT"
"build_a04_07","area_04","7","97","23600","build_a04_06","street_04_build_07_before","street_04_build_07_after","story_build_04_07","DEV_BLUEPRINT","DEV_BLUEPRINT"
"build_a04_08","area_04","8","99","27020","build_a04_07","street_04_build_08_before","street_04_build_08_after","story_build_04_08","DEV_BLUEPRINT","DEV_BLUEPRINT"
"build_a04_09","area_04","9","102","30940","build_a04_08","street_04_build_09_before","street_04_build_09_after","story_build_04_09","DEV_BLUEPRINT","DEV_BLUEPRINT"
"build_a04_10","area_04","10","105","35430","build_a04_09","street_04_build_10_before","street_04_build_10_after","story_build_04_10","DEV_BLUEPRINT","DEV_BLUEPRINT"
"build_a04_11","area_04","11","107","40560","build_a04_10","street_04_build_11_before","street_04_build_11_after","story_build_04_11","DEV_BLUEPRINT","DEV_BLUEPRINT"
"build_a04_12","area_04","12","110","46450","build_a04_11","street_04_build_12_before","street_04_build_12_after","story_build_04_12","DEV_BLUEPRINT","DEV_BLUEPRINT"