character_id,role,name_placeholder,visual_tier,expressions,animations,first_day,status,canon_status
"char_goose_001","MAJOR_GUEST","原创顾客1","A","Neutral|Happy|Sad|Angry|Surprised|Expect","Idle|Walk|Eat|Cheer|Sad","1","DEV_BLUEPRINT","NEEDS_CANON_SHEET"
"char_goose_002","MAJOR_GUEST","原创顾客2","A","Neutral|Happy|Sad|Angry|Surprised|Expect","Idle|Walk|Eat|Cheer|Sad","5","DEV_BLUEPRINT","NEEDS_CANON_SHEET"
"char_goose_003","MAJOR_GUEST","原创顾客3","A","Neutral|Happy|Sad|Angry|Surprised|Expect","Idle|Walk|Eat|Cheer|Sad","10","DEV_BLUEPRINT","NEEDS_CANON_SHEET"
"char_goose_004","MAJOR_GUEST","原创顾客4","A","Neutral|Happy|Sad|Angry|Surprised|Expect","Idle|Walk|Eat|Cheer|Sad","15","DEV_BLUEPRINT","NEEDS_CANON_SHEET"
"char_goose_005","MAJOR_GUEST","原创顾客5","A","Neutral|Happy|Sad|Angry|Surprised|Expect","Idle|Walk|Eat|Cheer|Sad","19","DEV_BLUEPRINT","NEEDS_CANON_SHEET"
"char_goose_006","MAJOR_GUEST","原创顾客6","A","Neutral|Happy|Sad|Angry|Surprised|Expect","Idle|Walk|Eat|Cheer|Sad","24","DEV_BLUEPRINT","NEEDS_CANON_SHEET"
"char_goose_007","MINOR_GUEST","原创顾客7","B","Neutral|Happy|Sad|Angry|Surprised|Expect","Idle|Walk|Eat|Cheer|Sad","29","DEV_BLUEPRINT","NEEDS_CANON_SHEET"
"char_goose_008","MINOR_GUEST","原创顾客8","B","Neutral|Happy|Sad|Angry|Surprised|Expect","Idle|Walk|Eat|Cheer|Sad","34","DEV_BLUEPRINT","NEEDS_CANON_SHEET"
"char_goose_009","MINOR_GUEST","原创顾客9","B","Neutral|Happy|Sad|Angry|Surprised|Expect","Idle|Walk|Eat|Cheer|Sad","38","DEV_BLUEPRINT","NEEDS_CANON_SHEET"
"char_goose_010","MINOR_GUEST","原创顾客10","B","Neutral|Happy|Sad|Angry|Surprised|Expect","Idle|Walk|Eat|Cheer|Sad","43","DEV_BLUEPRINT","NEEDS_CANON_SHEET"
"char_goose_011","MINOR_GUEST","原创顾客11","B","Neutral|Happy|Sad|Angry|Surprised|Expect","Idle|Walk|Eat|Cheer|Sad","48","DEV_BLUEPRINT","NEEDS_CANON_SHEET"
"char_goose_012","MINOR_GUEST","原创顾客12","B","Neutral|Happy|Sad|Angry|Surprised|Expect","Idle|Walk|Eat|Cheer|Sad","53","DEV_BLUEPRINT","NEEDS_CANON_SHEET"
"char_goose_013","MINOR_GUEST","原创顾客13","B","Neutral|Happy|Sad|Angry|Surprised|Expect","Idle|Walk|Eat|Cheer|Sad","57","DEV_BLUEPRINT","NEEDS_CANON_SHEET"
"char_goose_014","MINOR_GUEST","原创顾客14","B","Neutral|Happy|Sad|Angry|Surprised|Expect","Idle|Walk|Eat|Cheer|Sad","62","DEV_BLUEPRINT","NEEDS_CANON_SHEET"
"char_goose_015","MINOR_GUEST","原创顾客15","B","Neutral|Happy|Sad|Angry|Surprised|Expect","Idle|Walk|Eat|Cheer|Sad","67","DEV_BLUEPRINT","NEEDS_CANON_SHEET"
"char_goose_016","MINOR_GUEST","原创顾客16","B","Neutral|Happy|Sad|Angry|Surprised|Expect","Idle|Walk|Eat|Cheer|Sad","72","DEV_BLUEPRINT","NEEDS_CANON_SHEET"
"char_goose_017","BACKGROUND","原创顾客17","C","Neutral|Happy|Sad|Angry|Surprised|Expect","Idle|Walk|Eat|Cheer|Sad","76","DEV_BLUEPRINT","NEEDS_CANON_SHEET"
"char_goose_018","BACKGROUND","原创顾客18","C","Neutral|Happy|Sad|Angry|Surprised|Expect","Idle|Walk|Eat|Cheer|Sad","81","DEV_BLUEPRINT","NEEDS_CANON_SHEET"
"char_goose_019","BACKGROUND","原创顾客19","C","Neutral|Happy|Sad|Angry|Surprised|Expect","Idle|Walk|Eat|Cheer|Sad","86","DEV_BLUEPRINT","NEEDS_CANON_SHEET"
"char_goose_020","BACKGROUND","原创顾客20","C","Neutral|Happy|Sad|Angry|Surprised|Expect","Idle|Walk|Eat|Cheer|Sad","91","DEV_BLUEPRINT","NEEDS_CANON_SHEET"
"char_goose_021","BACKGROUND","原创顾客21","C","Neutral|Happy|Sad|Angry|Surprised|Expect","Idle|Walk|Eat|Cheer|Sad","95","DEV_BLUEPRINT","NEEDS_CANON_SHEET"
"char_goose_022","BACKGROUND","原创顾客22","C","Neutral|Happy|Sad|Angry|Surprised|Expect","Idle|Walk|Eat|Cheer|Sad","100","DEV_BLUEPRINT","NEEDS_CANON_SHEET"
"char_goose_023","BACKGROUND","原创顾客23","C","Neutral|Happy|Sad|Angry|Surprised|Expect","Idle|Walk|Eat|Cheer|Sad","105","DEV_BLUEPRINT","NEEDS_CANON_SHEET"
"char_goose_024","BACKGROUND","原创顾客24","C","Neutral|Happy|Sad|Angry|Surprised|Expect","Idle|Walk|Eat|Cheer|Sad","110","DEV_BLUEPRINT","NEEDS_CANON_SHEET"