character_id,name,role,species,tier,primary_color,accent_color,outline_color,fixed_props,job,dialogue_traits,expressions,animations,evidence_kind
"char_manager_001","店长-柚宁","PROTAGONIST","human","S","#F3B05A","#FFF3DF","#5C4638","米白围裙|橙色发夹|小记事本","","务实|温和|遇到突发状况会先解决问题再吐槽","Neutral|Happy|Expect|Surprised|Sad|Angry","Idle|Walk|Talk|Cheer|Think","DEV_BLUEPRINT"
"char_guide_001","引导鹅-团团","MAJOR_GUEST","goose","S","#FFF4D8","#F6B84B","#76543A","橙黄小围巾|木质钥匙牌","","热心|有点碎嘴|熟悉街区","Neutral|Happy|Expect|Surprised|Sad|Angry","Idle|Walk|Talk|Cheer|Think","DEV_BLUEPRINT"
"char_goose_001","小满","MAJOR_GUEST","goose","A","#FFF1D0","#D96F4A","#76543A","邮差包","退休邮差","爽朗|爱讲旧街往事|对白保持生活化","Neutral|Happy|Expect|Surprised|Sad|Angry","Idle|Walk|Eat|Cheer|Sad|Talk","DEV_BLUEPRINT"
"char_goose_002","栗子","MAJOR_GUEST","goose","A","#F7E4C5","#7BB36A","#76543A","绿色头巾","园艺爱好者","慢热|细心|对白保持生活化","Neutral|Happy|Expect|Surprised|Sad|Angry","Idle|Walk|Eat|Cheer|Sad|Talk","DEV_BLUEPRINT"
"char_goose_003","果冻","MAJOR_GUEST","goose","A","#FFF5E8","#E65B70","#76543A","圆框眼镜","备考学生","紧张|认真|嘴馋|对白保持生活化","Neutral|Happy|Expect|Surprised|Sad|Angry","Idle|Walk|Eat|Cheer|Sad|Talk","DEV_BLUEPRINT"
"char_goose_004","阿麦","MAJOR_GUEST","goose","A","#F2DDC0","#5EA5C9","#76543A","蓝色运动腕带","晨跑达人","直爽|精力旺盛|对白保持生活化","Neutral|Happy|Expect|Surprised|Sad|Angry","Idle|Walk|Eat|Cheer|Sad|Talk","DEV_BLUEPRINT"
"char_goose_005","豆花","MAJOR_GUEST","goose","A","#FFF0D9","#B982C6","#76543A","紫色丝带","手作摊主","温柔|审美敏感|对白保持生活化","Neutral|Happy|Expect|Surprised|Sad|Angry","Idle|Walk|Eat|Cheer|Sad|Talk","DEV_BLUEPRINT"
"char_goose_006","山竹","MAJOR_GUEST","goose","A","#E9E0CF","#D08B45","#76543A","棕色小马甲","夜班保安","稳重|幽默|对白保持生活化","Neutral|Happy|Expect|Surprised|Sad|Angry","Idle|Walk|Eat|Cheer|Sad|Talk","DEV_BLUEPRINT"
"char_goose_007","阿青","MINOR_GUEST","goose","B","#EAF2D6","#6FA777","#76543A","薄荷色领结","社区志愿者","热心|讲效率|对白保持生活化","Neutral|Happy|Expect|Surprised|Sad|Angry","Idle|Walk|Eat|Cheer|Sad|Talk","DEV_BLUEPRINT"
"char_goose_008","米糕","MINOR_GUEST","goose","B","#FFF2D9","#C18A5B","#76543A","格纹围巾","面点学徒","憨厚|好学|对白保持生活化","Neutral|Happy|Expect|Surprised|Sad|Angry","Idle|Walk|Eat|Cheer|Sad|Talk","DEV_BLUEPRINT"
"char_goose_009","小柚","MINOR_GUEST","goose","B","#FFF4E4","#E58B56","#76543A","柚子挂件","旅行爱好者","好奇|话多|对白保持生活化","Neutral|Happy|Expect|Surprised|Sad|Angry","Idle|Walk|Eat|Cheer|Sad|Talk","DEV_BLUEPRINT"
"char_goose_010","黑豆","MINOR_GUEST","goose","B","#DDD5C9","#54829A","#76543A","深蓝鸭舌帽","摄影爱好者","观察细|寡言|对白保持生活化","Neutral|Happy|Expect|Surprised|Sad|Angry","Idle|Walk|Eat|Cheer|Sad|Talk","DEV_BLUEPRINT"
"char_goose_011","桃桃","MINOR_GUEST","goose","B","#FFE7DE","#E56A8A","#76543A","粉色发卡","幼儿园老师","耐心|爱操心|对白保持生活化","Neutral|Happy|Expect|Surprised|Sad|Angry","Idle|Walk|Eat|Cheer|Sad|Talk","DEV_BLUEPRINT"
"char_goose_012","老谷","MINOR_GUEST","goose","B","#EFE3C8","#8D6B47","#76543A","旧藤帽","粮店老板","节俭|念旧|对白保持生活化","Neutral|Happy|Expect|Surprised|Sad|Angry","Idle|Walk|Eat|Cheer|Sad|Talk","DEV_BLUEPRINT"
"char_goose_013","柠七","MINOR_GUEST","goose","B","#FFF5C9","#9BAF42","#76543A","柠檬胸针","饮品店兼职","机灵|嘴快|对白保持生活化","Neutral|Happy|Expect|Surprised|Sad|Angry","Idle|Walk|Eat|Cheer|Sad|Talk","DEV_BLUEPRINT"
"char_goose_014","阿潮","MINOR_GUEST","goose","B","#E7E6D7","#5B9DB1","#76543A","海蓝小包","钓鱼爱好者","随性|爱吹牛|对白保持生活化","Neutral|Happy|Expect|Surprised|Sad|Angry","Idle|Walk|Eat|Cheer|Sad|Talk","DEV_BLUEPRINT"
"char_goose_015","暖暖","MINOR_GUEST","goose","B","#FCE7CF","#D56D51","#76543A","红色耳罩","外卖骑手","讲义气|行动派|对白保持生活化","Neutral|Happy|Expect|Surprised|Sad|Angry","Idle|Walk|Eat|Cheer|Sad|Talk","DEV_BLUEPRINT"
"char_goose_016","卷卷","MINOR_GUEST","goose","B","#F4E8D7","#9E7CC0","#76543A","卷边帽","烘焙社成员","讲究|轻微完美主义|对白保持生活化","Neutral|Happy|Expect|Surprised|Sad|Angry","Idle|Walk|Eat|Cheer|Sad|Talk","DEV_BLUEPRINT"
"char_goose_017","啵啵","BACKGROUND","goose","C","#FFF0D8","#E6A653","#76543A","","普通食客","开心|爱吃甜|对白保持生活化","Neutral|Happy|Expect|Surprised|Sad|Angry","Idle|Walk|Eat|Cheer","DEV_BLUEPRINT"
"char_goose_018","椰青","BACKGROUND","goose","C","#E9F0D5","#6CA58A","#76543A","","普通食客","安静|对白保持生活化","Neutral|Happy|Expect|Surprised|Sad|Angry","Idle|Walk|Eat|Cheer","DEV_BLUEPRINT"
"char_goose_019","丸子","BACKGROUND","goose","C","#F7E1CF","#C77D5D","#76543A","","普通食客","活泼|对白保持生活化","Neutral|Happy|Expect|Surprised|Sad|Angry","Idle|Walk|Eat|Cheer","DEV_BLUEPRINT"
"char_goose_020","小盐","BACKGROUND","goose","C","#EFECE4","#7892A0","#76543A","","普通食客","冷静|对白保持生活化","Neutral|Happy|Expect|Surprised|Sad|Angry","Idle|Walk|Eat|Cheer","DEV_BLUEPRINT"
"char_goose_021","杏仁","BACKGROUND","goose","C","#F2DFBF","#AB7E55","#76543A","","普通食客","随和|对白保持生活化","Neutral|Happy|Expect|Surprised|Sad|Angry","Idle|Walk|Eat|Cheer","DEV_BLUEPRINT"
"char_goose_022","汽水","BACKGROUND","goose","C","#E6F1EA","#57A9B9","#76543A","","普通食客","兴奋|对白保持生活化","Neutral|Happy|Expect|Surprised|Sad|Angry","Idle|Walk|Eat|Cheer","DEV_BLUEPRINT"
"char_goose_023","糯米","BACKGROUND","goose","C","#FFF4E8","#CB8E72","#76543A","","普通食客","腼腆|对白保持生活化","Neutral|Happy|Expect|Surprised|Sad|Angry","Idle|Walk|Eat|Cheer","DEV_BLUEPRINT"
"char_goose_024","胡椒","BACKGROUND","goose","C","#E6DDD2","#806B60","#76543A","","普通食客","有点挑剔|对白保持生活化","Neutral|Happy|Expect|Surprised|Sad|Angry","Idle|Walk|Eat|Cheer","DEV_BLUEPRINT"
