order_id,day,slot,requirements,evidence_kind,confidence,source_url
"d001_o01","1","1","item_fanqie*1","PUBLIC_TEXT","C","https://www.taptap.cn/moment/790520777484013452"
"d001_o02","1","2","item_caijiao*1","PUBLIC_TEXT","C","https://www.taptap.cn/moment/790520777484013452"
"d001_o03","1","3","item_mogu*1","PUBLIC_TEXT","C","https://www.taptap.cn/moment/790520777484013452"
"d001_o04","1","4","item_lajiao*1","PUBLIC_TEXT","C","https://www.taptap.cn/moment/790520777484013452"
"d001_o05","1","5","item_caijiao*1","PUBLIC_TEXT","C","https://www.taptap.cn/moment/790520777484013452"
"d001_o06","1","6","item_caijiao*1|item_congduan*1","PUBLIC_TEXT","C","https://www.taptap.cn/moment/790520777484013452"
"d001_o07","1","7","item_huluobo*1|item_yangcong*1","PUBLIC_TEXT","C","https://www.taptap.cn/moment/790520777484013452"
"d001_o08","1","8","item_fanqie*1","PUBLIC_TEXT","C","https://www.taptap.cn/moment/790520777484013452"
"d002_o01","2","1","item_kafeidou*1","PUBLIC_TEXT","C","https://www.taptap.cn/moment/790520777484013452"
"d002_o02","2","2","item_nongsuokafei*1","PUBLIC_TEXT","C","https://www.taptap.cn/moment/790520777484013452"
"d002_o03","2","3","item_kafei*1","PUBLIC_TEXT","C","https://www.taptap.cn/moment/790520777484013452"
"d003_o01","3","1","item_nongsuokafei*1","PUBLIC_TEXT","C","https://www.taptap.cn/moment/790520777484013452"
"d003_o02","3","2","item_yangcong*1|item_kafei*1","PUBLIC_TEXT","C","https://www.taptap.cn/moment/790520777484013452"
"d003_o03","3","3","item_mogu*1|item_bianxiekafei*1","PUBLIC_TEXT","C","https://www.taptap.cn/moment/790520777484013452"
"d004_o01","4","1","item_bingkafei*1","PUBLIC_TEXT","C","https://www.taptap.cn/moment/790520777484013452"
"d004_o02","4","2","item_lvcha*1","PUBLIC_TEXT","C","https://www.taptap.cn/moment/790520777484013452"
"d004_o03","4","3","item_yumili*1","PUBLIC_TEXT","C","https://www.taptap.cn/moment/790520777484013452"
"d004_o04","4","4","item_xiangcaojia*1","PUBLIC_TEXT","C","https://www.taptap.cn/moment/790520777484013452"
"d004_o05","4","5","item_yumi*1","PUBLIC_TEXT","C","https://www.taptap.cn/moment/790520777484013452"
"d004_o06","4","6","item_xiangcaozi*1","PUBLIC_TEXT","C","https://www.taptap.cn/moment/790520777484013452"
"d005_o01","5","1","dish_shengcaishala*1","PUBLIC_TEXT","C","https://www.taptap.cn/moment/790520777484013452"
"d005_o02","5","2","item_chunniunai*1","PUBLIC_TEXT","C","https://www.taptap.cn/moment/790520777484013452"
"d005_o03","5","3","item_boliwan*1","PUBLIC_TEXT","C","https://www.taptap.cn/moment/790520777484013452"
"d006_o01","6","1","dish_tangbanfanqie*1","PUBLIC_TEXT","C","https://www.taptap.cn/moment/790611816005766899"
"d006_o02","6","2","item_yangcong*1|item_bingkafei*1","PUBLIC_TEXT","C","https://www.taptap.cn/moment/790611816005766899"
"d006_o03","6","3","dish_caijiaocuipian*1","PUBLIC_TEXT","C","https://www.taptap.cn/moment/790611816005766899"
"d006_o04","6","4","item_mogu*1|item_lvcha*1","PUBLIC_TEXT","C","https://www.taptap.cn/moment/790611816005766899"
"d007_o01","7","1","item_bianxiekafei*1|item_chunniunai*1","PUBLIC_TEXT","C","https://www.taptap.cn/moment/790611816005766899"
"d007_o02","7","2","dish_junxiangzhishijuan*1","PUBLIC_TEXT","C","https://www.taptap.cn/moment/790611816005766899"
"d007_o03","7","3","dish_shengqiehuluobotiao*1","PUBLIC_TEXT","C","https://www.taptap.cn/moment/790611816005766899"
"d007_o04","7","4","item_xiangcaozi*1|item_lvcha*1","PUBLIC_TEXT","C","https://www.taptap.cn/moment/790611816005766899"
"d007_o05","7","5","item_yumili*1","PUBLIC_TEXT","C","https://www.taptap.cn/moment/790611816005766899"
"d008_o01","8","1","dish_xianzhalanmeizhi*1","PUBLIC_TEXT","C","https://www.taptap.cn/moment/790611816005766899"
"d008_o02","8","2","item_xiangcaozi*1|item_bingkafei*1","PUBLIC_TEXT","C","https://www.taptap.cn/moment/790611816005766899"
"d008_o03","8","3","item_bingtang*1|dish_caomeiguolu*1","PUBLIC_TEXT","C","https://www.taptap.cn/moment/790611816005766899"
"d008_o04","8","4","item_yumi*1","PUBLIC_TEXT","C","https://www.taptap.cn/moment/790611816005766899"
"d009_o01","9","1","dish_shoudaningmengzhi*1","PUBLIC_TEXT","C","https://www.taptap.cn/moment/790611816005766899"
"d009_o02","9","2","item_shenhongkafei*1|item_hongcha*1","PUBLIC_TEXT","C","https://www.taptap.cn/moment/790611816005766899"
"d009_o03","9","3","item_mogu*1|item_huangyou*1","PUBLIC_TEXT","C","https://www.taptap.cn/moment/790611816005766899"
"d010_o01","10","1","item_xiangcaozi*1|item_bingkafei*1","PUBLIC_TEXT","C","https://www.taptap.cn/moment/790611816005766899"
"d010_o02","10","2","item_lvcha*1|item_huangyou*1","PUBLIC_TEXT","C","https://www.taptap.cn/moment/790611816005766899"
"d010_o03","10","3","item_xiangcaojia*1|dish_zhenzhunaicha*1","PUBLIC_TEXT","C","https://www.taptap.cn/moment/790611816005766899"
"d010_o04","10","4","dish_baomihua*1|dish_pingguoguoyin*1","PUBLIC_TEXT","C","https://www.taptap.cn/moment/790611816005766899"
"d080_o01","80","1","dish_xinxianshenghao*1","PUBLIC_IMAGE","C","https://www.taptap.cn/moment/790629105325312627"
"d080_o02","80","2","dish_longshulan_luosidao*1","PUBLIC_IMAGE","C-","https://www.taptap.cn/moment/790629105325312627"
"d080_o03","80","3","dish_zhishiregou*1","PUBLIC_IMAGE","C","https://www.taptap.cn/moment/790629105325312627"
"d080_o04","80","4","dish_suanxiangmianbao*1","PUBLIC_IMAGE","C","https://www.taptap.cn/moment/790629105325312627"
"d080_o05","80","5","item_huacha*1","PUBLIC_IMAGE","C","https://www.taptap.cn/moment/790629105325312627"
"d080_o06","80","6","dish_jiangguofengmiyanmaiwang*1","PUBLIC_IMAGE","C","https://www.taptap.cn/moment/790629105325312627"
"d080_o07","80","7","item_tangdou*1","PUBLIC_IMAGE","C","https://www.taptap.cn/moment/790629105325312627"
"d084_o01","84","1","item_mangguo*1","PUBLIC_IMAGE","C","https://www.taptap.cn/moment/790906865650238207"
"d084_o02","84","2","dish_huangjinkaozhouzi*1","PUBLIC_IMAGE","C","https://www.taptap.cn/moment/790906865650238207"
"d084_o03","84","3","item_wulongcha*1","PUBLIC_IMAGE","C","https://www.taptap.cn/moment/790906865650238207"
"d084_o04","84","4","dish_jiaoxiangyangcongfan*1","PUBLIC_IMAGE","C","https://www.taptap.cn/moment/790906865650238207"
"d084_o05","84","5","item_shenhongkafei*1","PUBLIC_IMAGE","C","https://www.taptap.cn/moment/790906865650238207"
"d084_o06","84","6","dish_tankaojixiongrou*1","PUBLIC_IMAGE","C","https://www.taptap.cn/moment/790906865650238207"
"d084_o07","84","7","item_jiangzhishui*1","PUBLIC_IMAGE","C","https://www.taptap.cn/moment/790906865650238207"
"d084_o08","84","8","dish_huangyoubanfan*1","PUBLIC_IMAGE","C","https://www.taptap.cn/moment/790906865650238207"
"d084_o09","84","9","dish_mizhikaoji*1","PUBLIC_IMAGE","C","https://www.taptap.cn/moment/790906865650238207"
"d084_o10","84","10","dish_xinxianshenghao*1","PUBLIC_IMAGE","C","https://www.taptap.cn/moment/790906865650238207"
"d084_o11","84","11","dish_langmukele*1","PUBLIC_IMAGE","C","https://www.taptap.cn/moment/790906865650238207"
"d084_o12","84","12","dish_jiangguofengmiyanmaiwang*1","PUBLIC_IMAGE","C","https://www.taptap.cn/moment/790906865650238207"
"d084_o13","84","13","dish_tianyuanshala*1","PUBLIC_IMAGE","C","https://www.taptap.cn/moment/790906865650238207"
"d084_o14","84","14","dish_moscow_mule*1","PUBLIC_IMAGE","C","https://www.taptap.cn/moment/790906865650238207"
"d101_o01","101","1","item_naiyou*1","PUBLIC_IMAGE","C","https://www.taptap.cn/moment/797858476368857347"
"d101_o02","101","2","dish_sukao_feixie*1","PUBLIC_IMAGE","C","https://www.taptap.cn/moment/797858476368857347"
"d101_o03","101","3","item_wulongcha*1","PUBLIC_IMAGE","C","https://www.taptap.cn/moment/797858476368857347"
"d101_o04","101","4","dish_zaocan_sanmingzhi*1","PUBLIC_IMAGE","C","https://www.taptap.cn/moment/797858476368857347"
"d101_o05","101","5","item_tanglishui*1","PUBLIC_IMAGE","C","https://www.taptap.cn/moment/797858476368857347"
"d101_o06","101","6","dish_jingying_xianxiajiao*1","PUBLIC_IMAGE","C","https://www.taptap.cn/moment/797858476368857347"
"d101_o07","101","7","item_tangdou*1","PUBLIC_IMAGE","C","https://www.taptap.cn/moment/797858476368857347"
"d101_o08","101","8","dish_langmukele*1","PUBLIC_IMAGE","C","https://www.taptap.cn/moment/797858476368857347"
"d101_o09","101","9","dish_shousi_ziganlan*1","PUBLIC_IMAGE","C","https://www.taptap.cn/moment/797858476368857347"
"d101_o10","101","10","dish_suxiang_xueyu*1","PUBLIC_IMAGE","C","https://www.taptap.cn/moment/797858476368857347"
"d102_o01","102","1","dish_tankao_pipatui*1","PUBLIC_IMAGE","C","https://www.taptap.cn/moment/797858476368857347"
"d102_o02","102","2","dish_xianggu_changfen*1","PUBLIC_IMAGE","C","https://www.taptap.cn/moment/797858476368857347"
"d102_o03","102","3","item_wulongcha*1","PUBLIC_IMAGE","C","https://www.taptap.cn/moment/797858476368857347"
"d102_o04","102","4","dish_yezhi_naibai_xiaowan*1","PUBLIC_IMAGE","C","https://www.taptap.cn/moment/797858476368857347"
"d102_o05","102","5","dish_xinxianshenghao*1","PUBLIC_IMAGE","C","https://www.taptap.cn/moment/797858476368857347"
"d102_o06","102","6","dish_weishiji_suda*1","PUBLIC_IMAGE","C","https://www.taptap.cn/moment/797858476368857347"
"d102_o07","102","7","item_jiangzhishui*1","PUBLIC_IMAGE","C","https://www.taptap.cn/moment/797858476368857347"
"d102_o08","102","8","dish_liusha_naihuangbao*1","PUBLIC_IMAGE","C","https://www.taptap.cn/moment/797858476368857347"
"d102_o09","102","9","item_dabei_meishi*1","PUBLIC_IMAGE","C","https://www.taptap.cn/moment/797858476368857347"
"d102_o10","102","10","dish_shousi_ziganlan*1","PUBLIC_IMAGE","C","https://www.taptap.cn/moment/797858476368857347"
"d103_o01","103","1","dish_kao_tudoupian*1","PUBLIC_IMAGE","C","https://www.taptap.cn/moment/797858476368857347"
"d103_o02","103","2","dish_xinxianshenghao*1","PUBLIC_IMAGE","C","https://www.taptap.cn/moment/797858476368857347"
"d103_o03","103","3","dish_putao_guorouyin*1","PUBLIC_IMAGE","C","https://www.taptap.cn/moment/797858476368857347"
"d103_o04","103","4","dish_jiaotang_malagao*1","PUBLIC_IMAGE","C","https://www.taptap.cn/moment/797858476368857347"
"d103_o05","103","5","dish_huangjinkaozhouzi*1","PUBLIC_IMAGE","C","https://www.taptap.cn/moment/797858476368857347"
"d103_o06","103","6","dish_weishiji_suda*1","PUBLIC_IMAGE","C","https://www.taptap.cn/moment/797858476368857347"
"d103_o07","103","7","item_yanmai*1","PUBLIC_IMAGE","C","https://www.taptap.cn/moment/797858476368857347"
"d103_o08","103","8","dish_shousi_ziganlan*1","PUBLIC_IMAGE","C","https://www.taptap.cn/moment/797858476368857347"
"d103_o09","103","9","item_dabei_meishi*1","PUBLIC_IMAGE","C","https://www.taptap.cn/moment/797858476368857347"
"d103_o10","103","10","item_tangjiang*1","PUBLIC_IMAGE","C","https://www.taptap.cn/moment/797858476368857347"
"d104_o01","104","1","dish_shijin_haixiantang*1","PUBLIC_IMAGE","C","https://www.taptap.cn/moment/797858476368857347"
"d104_o02","104","2","dish_tiandanjiu*1","PUBLIC_IMAGE","C","https://www.taptap.cn/moment/797858476368857347"
"d104_o03","104","3","dish_yanxunniuxiongrou*1","PUBLIC_IMAGE","C","https://www.taptap.cn/moment/797858476368857347"
"d104_o04","104","4","dish_xinxianshenghao*1","PUBLIC_IMAGE","C","https://www.taptap.cn/moment/797858476368857347"
"d104_o05","104","5","dish_ee_shouda_ningmengcha*1","PUBLIC_IMAGE","C","https://www.taptap.cn/moment/797858476368857347"
"d104_o06","104","6","dish_huangjinkaozhouzi*1","PUBLIC_IMAGE","C","https://www.taptap.cn/moment/797858476368857347"
"d104_o07","104","7","dish_shousi_ziganlan*1","PUBLIC_IMAGE","C","https://www.taptap.cn/moment/797858476368857347"
"d104_o08","104","8","dish_tanshao_jinqiangyupai*1","PUBLIC_IMAGE","C","https://www.taptap.cn/moment/797858476368857347"
"d104_o09","104","9","item_qiaokeli*1","PUBLIC_IMAGE","C","https://www.taptap.cn/moment/797858476368857347"
"d104_o10","104","10","dish_mizhikaoji*1","PUBLIC_IMAGE","C","https://www.taptap.cn/moment/797858476368857347"
"d105_o01","105","1","dish_zhenzhunaicha*1","PUBLIC_IMAGE","C","https://www.taptap.cn/moment/797858476368857347"
"d105_o02","105","2","dish_xianshuijiao*1","PUBLIC_IMAGE","C","https://www.taptap.cn/moment/797858476368857347"
"d105_o03","105","3","dish_ee_shouda_ningmengcha*1","PUBLIC_IMAGE","C","https://www.taptap.cn/moment/797858476368857347"
"d105_o04","105","4","dish_suzha_dajitui*1","PUBLIC_IMAGE","C","https://www.taptap.cn/moment/797858476368857347"
"d105_o05","105","5","dish_weishiji_suanjiu*1","PUBLIC_IMAGE","C","https://www.taptap.cn/moment/797858476368857347"
"d105_o06","105","6","dish_liusha_naihuangbao*1","PUBLIC_IMAGE","C","https://www.taptap.cn/moment/797858476368857347"
"d105_o07","105","7","item_naiyou*1","PUBLIC_IMAGE","C","https://www.taptap.cn/moment/797858476368857347"
"d105_o08","105","8","dish_caijiao_tudousi*1","PUBLIC_IMAGE","C","https://www.taptap.cn/moment/797858476368857347"
"d105_o09","105","9","dish_sukao_feixie*1","PUBLIC_IMAGE","C","https://www.taptap.cn/moment/797858476368857347"
