order_id,day,slot,status,requirements_text,customer_id,reward_coin,producer_ids,recipe_ids,cookware_ids,evidence_note
"d001_o01","1","1","PUBLIC_TRANSCRIBED","番茄","","","","","","有公开文字+截图，可结构化核实"
"d001_o02","1","2","PUBLIC_TRANSCRIBED","彩椒","","","","","","有公开文字+截图，可结构化核实"
"d001_o03","1","3","PUBLIC_TRANSCRIBED","蘑菇","","","","","","有公开文字+截图，可结构化核实"
"d001_o04","1","4","PUBLIC_TRANSCRIBED","辣椒","","","","","","有公开文字+截图，可结构化核实"
"d001_o05","1","5","PUBLIC_TRANSCRIBED","彩椒","","","","","","有公开文字+截图，可结构化核实"
"d001_o06","1","6","PUBLIC_TRANSCRIBED","彩椒+葱段","","","","","","有公开文字+截图，可结构化核实"
"d001_o07","1","7","PUBLIC_TRANSCRIBED","胡萝卜+洋葱","","","","","","有公开文字+截图，可结构化核实"
"d001_o08","1","8","PUBLIC_TRANSCRIBED","番茄","","","","","","有公开文字+截图，可结构化核实"
"d002_o01","2","1","PUBLIC_TRANSCRIBED","咖啡豆","","","","","","有公开文字+截图，可结构化核实"
"d002_o02","2","2","PUBLIC_TRANSCRIBED","浓缩咖啡","","","","","","有公开文字+截图，可结构化核实"
"d002_o03","2","3","PUBLIC_TRANSCRIBED","咖啡","","","","","","有公开文字+截图，可结构化核实"
"d003_o01","3","1","PUBLIC_TRANSCRIBED","浓缩咖啡","","","","","","有公开文字+截图，可结构化核实"
"d003_o02","3","2","PUBLIC_TRANSCRIBED","洋葱+咖啡","","","","","","有公开文字+截图，可结构化核实"
"d003_o03","3","3","PUBLIC_TRANSCRIBED","蘑菇+便携咖啡","","","","","","有公开文字+截图，可结构化核实"
"d004_o01","4","1","PUBLIC_TRANSCRIBED","冰咖啡","","","","","","有公开文字+截图，可结构化核实"
"d004_o02","4","2","PUBLIC_TRANSCRIBED","绿茶","","","","","","有公开文字+截图，可结构化核实"
"d004_o03","4","3","PUBLIC_TRANSCRIBED","玉米粒","","","","","","有公开文字+截图，可结构化核实"
"d004_o04","4","4","PUBLIC_TRANSCRIBED","香草荚","","","","","","有公开文字+截图，可结构化核实"
"d004_o05","4","5","PUBLIC_TRANSCRIBED","玉米","","","","","","有公开文字+截图，可结构化核实"
"d004_o06","4","6","PUBLIC_TRANSCRIBED","香草籽","","","","","","有公开文字+截图，可结构化核实"
"d005_o01","5","1","PUBLIC_TRANSCRIBED","生菜沙拉","","","","","","有公开文字+截图，可结构化核实"
"d005_o02","5","2","PUBLIC_TRANSCRIBED","纯牛奶","","","","","","有公开文字+截图，可结构化核实"
"d005_o03","5","3","PUBLIC_TRANSCRIBED","玻璃碗","","","","","","有公开文字+截图，可结构化核实"
"d006_o01","6","1","PUBLIC_TRANSCRIBED","糖拌番茄","","","","","","有公开文字+截图，可结构化核实"
"d006_o02","6","2","PUBLIC_TRANSCRIBED","洋葱+冰咖啡","","","","","","有公开文字+截图，可结构化核实"
"d006_o03","6","3","PUBLIC_TRANSCRIBED","彩椒脆片","","","","","","有公开文字+截图，可结构化核实"
"d006_o04","6","4","PUBLIC_TRANSCRIBED","蘑菇+绿茶","","","","","","有公开文字+截图，可结构化核实"
"d007_o01","7","1","PUBLIC_TRANSCRIBED","便携咖啡+纯牛奶","","","","","","有公开文字+截图，可结构化核实"
"d007_o02","7","2","PUBLIC_TRANSCRIBED","菌香芝士卷","","","","","","有公开文字+截图，可结构化核实"
"d007_o03","7","3","PUBLIC_TRANSCRIBED","生切胡萝卜条","","","","","","有公开文字+截图，可结构化核实"
"d007_o04","7","4","PUBLIC_TRANSCRIBED","香草籽+绿茶","","","","","","有公开文字+截图，可结构化核实"
"d007_o05","7","5","PUBLIC_TRANSCRIBED","玉米粒","","","","","","有公开文字+截图，可结构化核实"
"d008_o01","8","1","PUBLIC_TRANSCRIBED","鲜榨蓝莓汁","","","","","","有公开文字+截图，可结构化核实"
"d008_o02","8","2","PUBLIC_TRANSCRIBED","香草籽+冰咖啡","","","","","","有公开文字+截图，可结构化核实"
"d008_o03","8","3","PUBLIC_TRANSCRIBED","冰糖+草莓果露","","","","","","有公开文字+截图，可结构化核实"
"d008_o04","8","4","PUBLIC_TRANSCRIBED","玉米","","","","","","有公开文字+截图，可结构化核实"
"d009_o01","9","1","PUBLIC_TRANSCRIBED","手打柠檬汁","","","","","","有公开文字+截图，可结构化核实"
"d009_o02","9","2","PUBLIC_TRANSCRIBED","深烘咖啡+红茶","","","","","","有公开文字+截图，可结构化核实"
"d009_o03","9","3","PUBLIC_TRANSCRIBED","蘑菇+黄油","","","","","","有公开文字+截图，可结构化核实"
"d010_o01","10","1","PUBLIC_TRANSCRIBED","香草籽+冰咖啡","","","","","","有公开文字+截图，可结构化核实"
"d010_o02","10","2","PUBLIC_TRANSCRIBED","绿茶+黄油","","","","","","有公开文字+截图，可结构化核实"
"d010_o03","10","3","PUBLIC_TRANSCRIBED","香草荚+珍珠奶茶","","","","","","有公开文字+截图，可结构化核实"
"d010_o04","10","4","PUBLIC_TRANSCRIBED","爆米花+苹果果饮","","","","","","有公开文字+截图，可结构化核实"
"d011_o01","11","1","PUBLIC_IMAGE_PENDING_TRANSCRIPTION","","","","","","","有连续公开截图，仍需逐图转录"
"d011_o02","11","2","PUBLIC_IMAGE_PENDING_TRANSCRIPTION","","","","","","","有连续公开截图，仍需逐图转录"
"d011_o03","11","3","PUBLIC_IMAGE_PENDING_TRANSCRIPTION","","","","","","","有连续公开截图，仍需逐图转录"
"d011_o04","11","4","PUBLIC_IMAGE_PENDING_TRANSCRIPTION","","","","","","","有连续公开截图，仍需逐图转录"
"d011_o05","11","5","PUBLIC_IMAGE_PENDING_TRANSCRIPTION","","","","","","","有连续公开截图，仍需逐图转录"
"d012_o01","12","1","PUBLIC_IMAGE_PENDING_TRANSCRIPTION","","","","","","","有连续公开截图，仍需逐图转录"
"d012_o02","12","2","PUBLIC_IMAGE_PENDING_TRANSCRIPTION","","","","","","","有连续公开截图，仍需逐图转录"
"d012_o03","12","3","PUBLIC_IMAGE_PENDING_TRANSCRIPTION","","","","","","","有连续公开截图，仍需逐图转录"
"d012_o04","12","4","PUBLIC_IMAGE_PENDING_TRANSCRIPTION","","","","","","","有连续公开截图，仍需逐图转录"
"d012_o05","12","5","PUBLIC_IMAGE_PENDING_TRANSCRIPTION","","","","","","","有连续公开截图，仍需逐图转录"
"d013_o01","13","1","PUBLIC_IMAGE_PENDING_TRANSCRIPTION","","","","","","","有连续公开截图，仍需逐图转录"
"d013_o02","13","2","PUBLIC_IMAGE_PENDING_TRANSCRIPTION","","","","","","","有连续公开截图，仍需逐图转录"
"d013_o03","13","3","PUBLIC_IMAGE_PENDING_TRANSCRIPTION","","","","","","","有连续公开截图，仍需逐图转录"
"d013_o04","13","4","PUBLIC_IMAGE_PENDING_TRANSCRIPTION","","","","","","","有连续公开截图，仍需逐图转录"
"d013_o05","13","5","PUBLIC_IMAGE_PENDING_TRANSCRIPTION","","","","","","","有连续公开截图，仍需逐图转录"
"d014_o01","14","1","PUBLIC_IMAGE_PENDING_TRANSCRIPTION","","","","","","","有连续公开截图，仍需逐图转录"
"d014_o02","14","2","PUBLIC_IMAGE_PENDING_TRANSCRIPTION","","","","","","","有连续公开截图，仍需逐图转录"
"d014_o03","14","3","PUBLIC_IMAGE_PENDING_TRANSCRIPTION","","","","","","","有连续公开截图，仍需逐图转录"
"d014_o04","14","4","PUBLIC_IMAGE_PENDING_TRANSCRIPTION","","","","","","","有连续公开截图，仍需逐图转录"
"d014_o05","14","5","PUBLIC_IMAGE_PENDING_TRANSCRIPTION","","","","","","","有连续公开截图，仍需逐图转录"
"d015_o01","15","1","PUBLIC_IMAGE_PENDING_TRANSCRIPTION","","","","","","","有连续公开截图，仍需逐图转录"
"d015_o02","15","2","PUBLIC_IMAGE_PENDING_TRANSCRIPTION","","","","","","","有连续公开截图，仍需逐图转录"
"d015_o03","15","3","PUBLIC_IMAGE_PENDING_TRANSCRIPTION","","","","","","","有连续公开截图，仍需逐图转录"
"d015_o04","15","4","PUBLIC_IMAGE_PENDING_TRANSCRIPTION","","","","","","","有连续公开截图，仍需逐图转录"
"d015_o05","15","5","PUBLIC_IMAGE_PENDING_TRANSCRIPTION","","","","","","","有连续公开截图，仍需逐图转录"
"d016_o01","16","1","PUBLIC_IMAGE_PENDING_TRANSCRIPTION","","","","","","","有连续公开截图，仍需逐图转录"
"d016_o02","16","2","PUBLIC_IMAGE_PENDING_TRANSCRIPTION","","","","","","","有连续公开截图，仍需逐图转录"
"d016_o03","16","3","PUBLIC_IMAGE_PENDING_TRANSCRIPTION","","","","","","","有连续公开截图，仍需逐图转录"
"d016_o04","16","4","PUBLIC_IMAGE_PENDING_TRANSCRIPTION","","","","","","","有连续公开截图，仍需逐图转录"
"d016_o05","16","5","PUBLIC_IMAGE_PENDING_TRANSCRIPTION","","","","","","","有连续公开截图，仍需逐图转录"
"d017_o01","17","1","PUBLIC_IMAGE_PENDING_TRANSCRIPTION","","","","","","","有连续公开截图，仍需逐图转录"
"d017_o02","17","2","PUBLIC_IMAGE_PENDING_TRANSCRIPTION","","","","","","","有连续公开截图，仍需逐图转录"
"d017_o03","17","3","PUBLIC_IMAGE_PENDING_TRANSCRIPTION","","","","","","","有连续公开截图，仍需逐图转录"
"d017_o04","17","4","PUBLIC_IMAGE_PENDING_TRANSCRIPTION","","","","","","","有连续公开截图，仍需逐图转录"
"d017_o05","17","5","PUBLIC_IMAGE_PENDING_TRANSCRIPTION","","","","","","","有连续公开截图，仍需逐图转录"
"d018_o01","18","1","PUBLIC_IMAGE_PENDING_TRANSCRIPTION","","","","","","","有连续公开截图，仍需逐图转录"
"d018_o02","18","2","PUBLIC_IMAGE_PENDING_TRANSCRIPTION","","","","","","","有连续公开截图，仍需逐图转录"
"d018_o03","18","3","PUBLIC_IMAGE_PENDING_TRANSCRIPTION","","","","","","","有连续公开截图，仍需逐图转录"
"d018_o04","18","4","PUBLIC_IMAGE_PENDING_TRANSCRIPTION","","","","","","","有连续公开截图，仍需逐图转录"
"d018_o05","18","5","PUBLIC_IMAGE_PENDING_TRANSCRIPTION","","","","","","","有连续公开截图，仍需逐图转录"
"d019_o01","19","1","PUBLIC_IMAGE_PENDING_TRANSCRIPTION","","","","","","","有连续公开截图，仍需逐图转录"
"d019_o02","19","2","PUBLIC_IMAGE_PENDING_TRANSCRIPTION","","","","","","","有连续公开截图，仍需逐图转录"
"d019_o03","19","3","PUBLIC_IMAGE_PENDING_TRANSCRIPTION","","","","","","","有连续公开截图，仍需逐图转录"
"d019_o04","19","4","PUBLIC_IMAGE_PENDING_TRANSCRIPTION","","","","","","","有连续公开截图，仍需逐图转录"
"d019_o05","19","5","PUBLIC_IMAGE_PENDING_TRANSCRIPTION","","","","","","","有连续公开截图，仍需逐图转录"
"d020_o01","20","1","PUBLIC_IMAGE_PENDING_TRANSCRIPTION","","","","","","","有连续公开截图，仍需逐图转录"
"d020_o02","20","2","PUBLIC_IMAGE_PENDING_TRANSCRIPTION","","","","","","","有连续公开截图，仍需逐图转录"
"d020_o03","20","3","PUBLIC_IMAGE_PENDING_TRANSCRIPTION","","","","","","","有连续公开截图，仍需逐图转录"
"d020_o04","20","4","PUBLIC_IMAGE_PENDING_TRANSCRIPTION","","","","","","","有连续公开截图，仍需逐图转录"
"d020_o05","20","5","PUBLIC_IMAGE_PENDING_TRANSCRIPTION","","","","","","","有连续公开截图，仍需逐图转录"
"d021_o01","21","1","DEV_BLUEPRINT","","","","","","","未在本轮取得可直接结构化的完整公开菜单；以下为开发蓝图"
"d021_o02","21","2","DEV_BLUEPRINT","","","","","","","未在本轮取得可直接结构化的完整公开菜单；以下为开发蓝图"
"d021_o03","21","3","DEV_BLUEPRINT","","","","","","","未在本轮取得可直接结构化的完整公开菜单；以下为开发蓝图"
"d021_o04","21","4","DEV_BLUEPRINT","","","","","","","未在本轮取得可直接结构化的完整公开菜单；以下为开发蓝图"
"d021_o05","21","5","DEV_BLUEPRINT","","","","","","","未在本轮取得可直接结构化的完整公开菜单；以下为开发蓝图"
"d022_o01","22","1","DEV_BLUEPRINT","","","","","","","未在本轮取得可直接结构化的完整公开菜单；以下为开发蓝图"
"d022_o02","22","2","DEV_BLUEPRINT","","","","","","","未在本轮取得可直接结构化的完整公开菜单；以下为开发蓝图"
"d022_o03","22","3","DEV_BLUEPRINT","","","","","","","未在本轮取得可直接结构化的完整公开菜单；以下为开发蓝图"
"d022_o04","22","4","DEV_BLUEPRINT","","","","","","","未在本轮取得可直接结构化的完整公开菜单；以下为开发蓝图"
"d022_o05","22","5","DEV_BLUEPRINT","","","","","","","未在本轮取得可直接结构化的完整公开菜单；以下为开发蓝图"
"d023_o01","23","1","DEV_BLUEPRINT","","","","","","","未在本轮取得可直接结构化的完整公开菜单；以下为开发蓝图"
"d023_o02","23","2","DEV_BLUEPRINT","","","","","","","未在本轮取得可直接结构化的完整公开菜单；以下为开发蓝图"
"d023_o03","23","3","DEV_BLUEPRINT","","","","","","","未在本轮取得可直接结构化的完整公开菜单；以下为开发蓝图"
"d023_o04","23","4","DEV_BLUEPRINT","","","","","","","未在本轮取得可直接结构化的完整公开菜单；以下为开发蓝图"
"d023_o05","23","5","DEV_BLUEPRINT","","","","","","","未在本轮取得可直接结构化的完整公开菜单；以下为开发蓝图"
"d024_o01","24","1","DEV_BLUEPRINT","","","","","","","未在本轮取得可直接结构化的完整公开菜单；以下为开发蓝图"
"d024_o02","24","2","DEV_BLUEPRINT","","","","","","","未在本轮取得可直接结构化的完整公开菜单；以下为开发蓝图"
"d024_o03","24","3","DEV_BLUEPRINT","","","","","","","未在本轮取得可直接结构化的完整公开菜单；以下为开发蓝图"
"d024_o04","24","4","DEV_BLUEPRINT","","","","","","","未在本轮取得可直接结构化的完整公开菜单；以下为开发蓝图"
"d024_o05","24","5","DEV_BLUEPRINT","","","","","","","未在本轮取得可直接结构化的完整公开菜单；以下为开发蓝图"
"d025_o01","25","1","DEV_BLUEPRINT","","","","","","","未在本轮取得可直接结构化的完整公开菜单；以下为开发蓝图"
"d025_o02","25","2","DEV_BLUEPRINT","","","","","","","未在本轮取得可直接结构化的完整公开菜单；以下为开发蓝图"
"d025_o03","25","3","DEV_BLUEPRINT","","","","","","","未在本轮取得可直接结构化的完整公开菜单；以下为开发蓝图"
"d025_o04","25","4","DEV_BLUEPRINT","","","","","","","未在本轮取得可直接结构化的完整公开菜单；以下为开发蓝图"
"d025_o05","25","5","DEV_BLUEPRINT","","","","","","","未在本轮取得可直接结构化的完整公开菜单；以下为开发蓝图"
"d025_o06","25","6","DEV_BLUEPRINT","","","","","","","未在本轮取得可直接结构化的完整公开菜单；以下为开发蓝图"
"d026_o01","26","1","DEV_BLUEPRINT","","","","","","","未在本轮取得可直接结构化的完整公开菜单；以下为开发蓝图"
"d026_o02","26","2","DEV_BLUEPRINT","","","","","","","未在本轮取得可直接结构化的完整公开菜单；以下为开发蓝图"
"d026_o03","26","3","DEV_BLUEPRINT","","","","","","","未在本轮取得可直接结构化的完整公开菜单；以下为开发蓝图"
"d026_o04","26","4","DEV_BLUEPRINT","","","","","","","未在本轮取得可直接结构化的完整公开菜单；以下为开发蓝图"
"d026_o05","26","5","DEV_BLUEPRINT","","","","","","","未在本轮取得可直接结构化的完整公开菜单；以下为开发蓝图"
"d027_o01","27","1","DEV_BLUEPRINT","","","","","","","未在本轮取得可直接结构化的完整公开菜单；以下为开发蓝图"
"d027_o02","27","2","DEV_BLUEPRINT","","","","","","","未在本轮取得可直接结构化的完整公开菜单；以下为开发蓝图"
"d027_o03","27","3","DEV_BLUEPRINT","","","","","","","未在本轮取得可直接结构化的完整公开菜单；以下为开发蓝图"
"d027_o04","27","4","DEV_BLUEPRINT","","","","","","","未在本轮取得可直接结构化的完整公开菜单；以下为开发蓝图"
"d027_o05","27","5","DEV_BLUEPRINT","","","","","","","未在本轮取得可直接结构化的完整公开菜单；以下为开发蓝图"
"d028_o01","28","1","DEV_BLUEPRINT","","","","","","","未在本轮取得可直接结构化的完整公开菜单；以下为开发蓝图"
"d028_o02","28","2","DEV_BLUEPRINT","","","","","","","未在本轮取得可直接结构化的完整公开菜单；以下为开发蓝图"
"d028_o03","28","3","DEV_BLUEPRINT","","","","","","","未在本轮取得可直接结构化的完整公开菜单；以下为开发蓝图"
"d028_o04","28","4","DEV_BLUEPRINT","","","","","","","未在本轮取得可直接结构化的完整公开菜单；以下为开发蓝图"
"d028_o05","28","5","DEV_BLUEPRINT","","","","","","","未在本轮取得可直接结构化的完整公开菜单；以下为开发蓝图"
"d029_o01","29","1","DEV_BLUEPRINT","","","","","","","未在本轮取得可直接结构化的完整公开菜单；以下为开发蓝图"
"d029_o02","29","2","DEV_BLUEPRINT","","","","","","","未在本轮取得可直接结构化的完整公开菜单；以下为开发蓝图"
"d029_o03","29","3","DEV_BLUEPRINT","","","","","","","未在本轮取得可直接结构化的完整公开菜单；以下为开发蓝图"
"d029_o04","29","4","DEV_BLUEPRINT","","","","","","","未在本轮取得可直接结构化的完整公开菜单；以下为开发蓝图"
"d029_o05","29","5","DEV_BLUEPRINT","","","","","","","未在本轮取得可直接结构化的完整公开菜单；以下为开发蓝图"
"d030_o01","30","1","DEV_BLUEPRINT","","","","","","","未在本轮取得可直接结构化的完整公开菜单；以下为开发蓝图"
"d030_o02","30","2","DEV_BLUEPRINT","","","","","","","未在本轮取得可直接结构化的完整公开菜单；以下为开发蓝图"
"d030_o03","30","3","DEV_BLUEPRINT","","","","","","","未在本轮取得可直接结构化的完整公开菜单；以下为开发蓝图"
"d030_o04","30","4","DEV_BLUEPRINT","","","","","","","未在本轮取得可直接结构化的完整公开菜单；以下为开发蓝图"
"d030_o05","30","5","DEV_BLUEPRINT","","","","","","","未在本轮取得可直接结构化的完整公开菜单；以下为开发蓝图"
"d030_o06","30","6","DEV_BLUEPRINT","","","","","","","未在本轮取得可直接结构化的完整公开菜单；以下为开发蓝图"
"d031_o01","31","1","DEV_BLUEPRINT","","","","","","","未在本轮取得可直接结构化的完整公开菜单；以下为开发蓝图"
"d031_o02","31","2","DEV_BLUEPRINT","","","","","","","未在本轮取得可直接结构化的完整公开菜单；以下为开发蓝图"
"d031_o03","31","3","DEV_BLUEPRINT","","","","","","","未在本轮取得可直接结构化的完整公开菜单；以下为开发蓝图"
"d031_o04","31","4","DEV_BLUEPRINT","","","","","","","未在本轮取得可直接结构化的完整公开菜单；以下为开发蓝图"
"d031_o05","31","5","DEV_BLUEPRINT","","","","","","","未在本轮取得可直接结构化的完整公开菜单；以下为开发蓝图"
"d032_o01","32","1","DEV_BLUEPRINT","","","","","","","未在本轮取得可直接结构化的完整公开菜单；以下为开发蓝图"
"d032_o02","32","2","DEV_BLUEPRINT","","","","","","","未在本轮取得可直接结构化的完整公开菜单；以下为开发蓝图"
"d032_o03","32","3","DEV_BLUEPRINT","","","","","","","未在本轮取得可直接结构化的完整公开菜单；以下为开发蓝图"
"d032_o04","32","4","DEV_BLUEPRINT","","","","","","","未在本轮取得可直接结构化的完整公开菜单；以下为开发蓝图"
"d032_o05","32","5","DEV_BLUEPRINT","","","","","","","未在本轮取得可直接结构化的完整公开菜单；以下为开发蓝图"
"d033_o01","33","1","DEV_BLUEPRINT","","","","","","","未在本轮取得可直接结构化的完整公开菜单；以下为开发蓝图"
"d033_o02","33","2","DEV_BLUEPRINT","","","","","","","未在本轮取得可直接结构化的完整公开菜单；以下为开发蓝图"
"d033_o03","33","3","DEV_BLUEPRINT","","","","","","","未在本轮取得可直接结构化的完整公开菜单；以下为开发蓝图"
"d033_o04","33","4","DEV_BLUEPRINT","","","","","","","未在本轮取得可直接结构化的完整公开菜单；以下为开发蓝图"
"d033_o05","33","5","DEV_BLUEPRINT","","","","","","","未在本轮取得可直接结构化的完整公开菜单；以下为开发蓝图"
"d034_o01","34","1","DEV_BLUEPRINT","","","","","","","未在本轮取得可直接结构化的完整公开菜单；以下为开发蓝图"
"d034_o02","34","2","DEV_BLUEPRINT","","","","","","","未在本轮取得可直接结构化的完整公开菜单；以下为开发蓝图"
"d034_o03","34","3","DEV_BLUEPRINT","","","","","","","未在本轮取得可直接结构化的完整公开菜单；以下为开发蓝图"
"d034_o04","34","4","DEV_BLUEPRINT","","","","","","","未在本轮取得可直接结构化的完整公开菜单；以下为开发蓝图"
"d034_o05","34","5","DEV_BLUEPRINT","","","","","","","未在本轮取得可直接结构化的完整公开菜单；以下为开发蓝图"
"d035_o01","35","1","DEV_BLUEPRINT","","","","","","","未在本轮取得可直接结构化的完整公开菜单；以下为开发蓝图"
"d035_o02","35","2","DEV_BLUEPRINT","","","","","","","未在本轮取得可直接结构化的完整公开菜单；以下为开发蓝图"
"d035_o03","35","3","DEV_BLUEPRINT","","","","","","","未在本轮取得可直接结构化的完整公开菜单；以下为开发蓝图"
"d035_o04","35","4","DEV_BLUEPRINT","","","","","","","未在本轮取得可直接结构化的完整公开菜单；以下为开发蓝图"
"d035_o05","35","5","DEV_BLUEPRINT","","","","","","","未在本轮取得可直接结构化的完整公开菜单；以下为开发蓝图"
"d035_o06","35","6","DEV_BLUEPRINT","","","","","","","未在本轮取得可直接结构化的完整公开菜单；以下为开发蓝图"
"d036_o01","36","1","DEV_BLUEPRINT","","","","","","","未在本轮取得可直接结构化的完整公开菜单；以下为开发蓝图"
"d036_o02","36","2","DEV_BLUEPRINT","","","","","","","未在本轮取得可直接结构化的完整公开菜单；以下为开发蓝图"
"d036_o03","36","3","DEV_BLUEPRINT","","","","","","","未在本轮取得可直接结构化的完整公开菜单；以下为开发蓝图"
"d036_o04","36","4","DEV_BLUEPRINT","","","","","","","未在本轮取得可直接结构化的完整公开菜单；以下为开发蓝图"
"d036_o05","36","5","DEV_BLUEPRINT","","","","","","","未在本轮取得可直接结构化的完整公开菜单；以下为开发蓝图"
"d037_o01","37","1","DEV_BLUEPRINT","","","","","","","未在本轮取得可直接结构化的完整公开菜单；以下为开发蓝图"
"d037_o02","37","2","DEV_BLUEPRINT","","","","","","","未在本轮取得可直接结构化的完整公开菜单；以下为开发蓝图"
"d037_o03","37","3","DEV_BLUEPRINT","","","","","","","未在本轮取得可直接结构化的完整公开菜单；以下为开发蓝图"
"d037_o04","37","4","DEV_BLUEPRINT","","","","","","","未在本轮取得可直接结构化的完整公开菜单；以下为开发蓝图"
"d037_o05","37","5","DEV_BLUEPRINT","","","","","","","未在本轮取得可直接结构化的完整公开菜单；以下为开发蓝图"
"d038_o01","38","1","DEV_BLUEPRINT","","","","","","","未在本轮取得可直接结构化的完整公开菜单；以下为开发蓝图"
"d038_o02","38","2","DEV_BLUEPRINT","","","","","","","未在本轮取得可直接结构化的完整公开菜单；以下为开发蓝图"
"d038_o03","38","3","DEV_BLUEPRINT","","","","","","","未在本轮取得可直接结构化的完整公开菜单；以下为开发蓝图"
"d038_o04","38","4","DEV_BLUEPRINT","","","","","","","未在本轮取得可直接结构化的完整公开菜单；以下为开发蓝图"
"d038_o05","38","5","DEV_BLUEPRINT","","","","","","","未在本轮取得可直接结构化的完整公开菜单；以下为开发蓝图"
"d039_o01","39","1","DEV_BLUEPRINT","","","","","","","未在本轮取得可直接结构化的完整公开菜单；以下为开发蓝图"
"d039_o02","39","2","DEV_BLUEPRINT","","","","","","","未在本轮取得可直接结构化的完整公开菜单；以下为开发蓝图"
"d039_o03","39","3","DEV_BLUEPRINT","","","","","","","未在本轮取得可直接结构化的完整公开菜单；以下为开发蓝图"
"d039_o04","39","4","DEV_BLUEPRINT","","","","","","","未在本轮取得可直接结构化的完整公开菜单；以下为开发蓝图"
"d039_o05","39","5","DEV_BLUEPRINT","","","","","","","未在本轮取得可直接结构化的完整公开菜单；以下为开发蓝图"
"d040_o01","40","1","DEV_BLUEPRINT","","","","","","","未在本轮取得可直接结构化的完整公开菜单；以下为开发蓝图"
"d040_o02","40","2","DEV_BLUEPRINT","","","","","","","未在本轮取得可直接结构化的完整公开菜单；以下为开发蓝图"
"d040_o03","40","3","DEV_BLUEPRINT","","","","","","","未在本轮取得可直接结构化的完整公开菜单；以下为开发蓝图"
"d040_o04","40","4","DEV_BLUEPRINT","","","","","","","未在本轮取得可直接结构化的完整公开菜单；以下为开发蓝图"
"d040_o05","40","5","DEV_BLUEPRINT","","","","","","","未在本轮取得可直接结构化的完整公开菜单；以下为开发蓝图"
"d040_o06","40","6","DEV_BLUEPRINT","","","","","","","未在本轮取得可直接结构化的完整公开菜单；以下为开发蓝图"
"d041_o01","41","1","DEV_BLUEPRINT","","","","","","","未在本轮取得可直接结构化的完整公开菜单；以下为开发蓝图"
"d041_o02","41","2","DEV_BLUEPRINT","","","","","","","未在本轮取得可直接结构化的完整公开菜单；以下为开发蓝图"
"d041_o03","41","3","DEV_BLUEPRINT","","","","","","","未在本轮取得可直接结构化的完整公开菜单；以下为开发蓝图"
"d041_o04","41","4","DEV_BLUEPRINT","","","","","","","未在本轮取得可直接结构化的完整公开菜单；以下为开发蓝图"
"d041_o05","41","5","DEV_BLUEPRINT","","","","","","","未在本轮取得可直接结构化的完整公开菜单；以下为开发蓝图"
"d042_o01","42","1","DEV_BLUEPRINT","","","","","","","未在本轮取得可直接结构化的完整公开菜单；以下为开发蓝图"
"d042_o02","42","2","DEV_BLUEPRINT","","","","","","","未在本轮取得可直接结构化的完整公开菜单；以下为开发蓝图"
"d042_o03","42","3","DEV_BLUEPRINT","","","","","","","未在本轮取得可直接结构化的完整公开菜单；以下为开发蓝图"
"d042_o04","42","4","DEV_BLUEPRINT","","","","","","","未在本轮取得可直接结构化的完整公开菜单；以下为开发蓝图"
"d042_o05","42","5","DEV_BLUEPRINT","","","","","","","未在本轮取得可直接结构化的完整公开菜单；以下为开发蓝图"
"d043_o01","43","1","DEV_BLUEPRINT","","","","","","","未在本轮取得可直接结构化的完整公开菜单；以下为开发蓝图"
"d043_o02","43","2","DEV_BLUEPRINT","","","","","","","未在本轮取得可直接结构化的完整公开菜单；以下为开发蓝图"
"d043_o03","43","3","DEV_BLUEPRINT","","","","","","","未在本轮取得可直接结构化的完整公开菜单；以下为开发蓝图"
"d043_o04","43","4","DEV_BLUEPRINT","","","","","","","未在本轮取得可直接结构化的完整公开菜单；以下为开发蓝图"
"d043_o05","43","5","DEV_BLUEPRINT","","","","","","","未在本轮取得可直接结构化的完整公开菜单；以下为开发蓝图"
"d044_o01","44","1","DEV_BLUEPRINT","","","","","","","未在本轮取得可直接结构化的完整公开菜单；以下为开发蓝图"
"d044_o02","44","2","DEV_BLUEPRINT","","","","","","","未在本轮取得可直接结构化的完整公开菜单；以下为开发蓝图"
"d044_o03","44","3","DEV_BLUEPRINT","","","","","","","未在本轮取得可直接结构化的完整公开菜单；以下为开发蓝图"
"d044_o04","44","4","DEV_BLUEPRINT","","","","","","","未在本轮取得可直接结构化的完整公开菜单；以下为开发蓝图"
"d044_o05","44","5","DEV_BLUEPRINT","","","","","","","未在本轮取得可直接结构化的完整公开菜单；以下为开发蓝图"
"d045_o01","45","1","DEV_BLUEPRINT","","","","","","","未在本轮取得可直接结构化的完整公开菜单；以下为开发蓝图"
"d045_o02","45","2","DEV_BLUEPRINT","","","","","","","未在本轮取得可直接结构化的完整公开菜单；以下为开发蓝图"
"d045_o03","45","3","DEV_BLUEPRINT","","","","","","","未在本轮取得可直接结构化的完整公开菜单；以下为开发蓝图"
"d045_o04","45","4","DEV_BLUEPRINT","","","","","","","未在本轮取得可直接结构化的完整公开菜单；以下为开发蓝图"
"d045_o05","45","5","DEV_BLUEPRINT","","","","","","","未在本轮取得可直接结构化的完整公开菜单；以下为开发蓝图"
"d045_o06","45","6","DEV_BLUEPRINT","","","","","","","未在本轮取得可直接结构化的完整公开菜单；以下为开发蓝图"
"d046_o01","46","1","DEV_BLUEPRINT","","","","","","","未在本轮取得可直接结构化的完整公开菜单；以下为开发蓝图"
"d046_o02","46","2","DEV_BLUEPRINT","","","","","","","未在本轮取得可直接结构化的完整公开菜单；以下为开发蓝图"
"d046_o03","46","3","DEV_BLUEPRINT","","","","","","","未在本轮取得可直接结构化的完整公开菜单；以下为开发蓝图"
"d046_o04","46","4","DEV_BLUEPRINT","","","","","","","未在本轮取得可直接结构化的完整公开菜单；以下为开发蓝图"
"d046_o05","46","5","DEV_BLUEPRINT","","","","","","","未在本轮取得可直接结构化的完整公开菜单；以下为开发蓝图"
"d047_o01","47","1","DEV_BLUEPRINT","","","","","","","未在本轮取得可直接结构化的完整公开菜单；以下为开发蓝图"
"d047_o02","47","2","DEV_BLUEPRINT","","","","","","","未在本轮取得可直接结构化的完整公开菜单；以下为开发蓝图"
"d047_o03","47","3","DEV_BLUEPRINT","","","","","","","未在本轮取得可直接结构化的完整公开菜单；以下为开发蓝图"
"d047_o04","47","4","DEV_BLUEPRINT","","","","","","","未在本轮取得可直接结构化的完整公开菜单；以下为开发蓝图"
"d047_o05","47","5","DEV_BLUEPRINT","","","","","","","未在本轮取得可直接结构化的完整公开菜单；以下为开发蓝图"
"d048_o01","48","1","DEV_BLUEPRINT","","","","","","","未在本轮取得可直接结构化的完整公开菜单；以下为开发蓝图"
"d048_o02","48","2","DEV_BLUEPRINT","","","","","","","未在本轮取得可直接结构化的完整公开菜单；以下为开发蓝图"
"d048_o03","48","3","DEV_BLUEPRINT","","","","","","","未在本轮取得可直接结构化的完整公开菜单；以下为开发蓝图"
"d048_o04","48","4","DEV_BLUEPRINT","","","","","","","未在本轮取得可直接结构化的完整公开菜单；以下为开发蓝图"
"d048_o05","48","5","DEV_BLUEPRINT","","","","","","","未在本轮取得可直接结构化的完整公开菜单；以下为开发蓝图"
"d049_o01","49","1","DEV_BLUEPRINT","","","","","","","未在本轮取得可直接结构化的完整公开菜单；以下为开发蓝图"
"d049_o02","49","2","DEV_BLUEPRINT","","","","","","","未在本轮取得可直接结构化的完整公开菜单；以下为开发蓝图"
"d049_o03","49","3","DEV_BLUEPRINT","","","","","","","未在本轮取得可直接结构化的完整公开菜单；以下为开发蓝图"
"d049_o04","49","4","DEV_BLUEPRINT","","","","","","","未在本轮取得可直接结构化的完整公开菜单；以下为开发蓝图"
"d049_o05","49","5","DEV_BLUEPRINT","","","","","","","未在本轮取得可直接结构化的完整公开菜单；以下为开发蓝图"
"d050_o01","50","1","DEV_BLUEPRINT","","","","","","","未在本轮取得可直接结构化的完整公开菜单；以下为开发蓝图"
"d050_o02","50","2","DEV_BLUEPRINT","","","","","","","未在本轮取得可直接结构化的完整公开菜单；以下为开发蓝图"
"d050_o03","50","3","DEV_BLUEPRINT","","","","","","","未在本轮取得可直接结构化的完整公开菜单；以下为开发蓝图"
"d050_o04","50","4","DEV_BLUEPRINT","","","","","","","未在本轮取得可直接结构化的完整公开菜单；以下为开发蓝图"
"d050_o05","50","5","DEV_BLUEPRINT","","","","","","","未在本轮取得可直接结构化的完整公开菜单；以下为开发蓝图"
"d050_o06","50","6","DEV_BLUEPRINT","","","","","","","未在本轮取得可直接结构化的完整公开菜单；以下为开发蓝图"
"d051_o01","51","1","PUBLIC_VIDEO_PENDING_TRANSCRIPTION","","","","","","","存在连续公开菜谱视频，可逐帧转录"
"d051_o02","51","2","PUBLIC_VIDEO_PENDING_TRANSCRIPTION","","","","","","","存在连续公开菜谱视频，可逐帧转录"
"d051_o03","51","3","PUBLIC_VIDEO_PENDING_TRANSCRIPTION","","","","","","","存在连续公开菜谱视频，可逐帧转录"
"d051_o04","51","4","PUBLIC_VIDEO_PENDING_TRANSCRIPTION","","","","","","","存在连续公开菜谱视频，可逐帧转录"
"d051_o05","51","5","PUBLIC_VIDEO_PENDING_TRANSCRIPTION","","","","","","","存在连续公开菜谱视频，可逐帧转录"
"d051_o06","51","6","PUBLIC_VIDEO_PENDING_TRANSCRIPTION","","","","","","","存在连续公开菜谱视频，可逐帧转录"
"d052_o01","52","1","PUBLIC_VIDEO_PENDING_TRANSCRIPTION","","","","","","","存在连续公开菜谱视频，可逐帧转录"
"d052_o02","52","2","PUBLIC_VIDEO_PENDING_TRANSCRIPTION","","","","","","","存在连续公开菜谱视频，可逐帧转录"
"d052_o03","52","3","PUBLIC_VIDEO_PENDING_TRANSCRIPTION","","","","","","","存在连续公开菜谱视频，可逐帧转录"
"d052_o04","52","4","PUBLIC_VIDEO_PENDING_TRANSCRIPTION","","","","","","","存在连续公开菜谱视频，可逐帧转录"
"d052_o05","52","5","PUBLIC_VIDEO_PENDING_TRANSCRIPTION","","","","","","","存在连续公开菜谱视频，可逐帧转录"
"d052_o06","52","6","PUBLIC_VIDEO_PENDING_TRANSCRIPTION","","","","","","","存在连续公开菜谱视频，可逐帧转录"
"d053_o01","53","1","PUBLIC_VIDEO_PENDING_TRANSCRIPTION","","","","","","","存在连续公开菜谱视频，可逐帧转录"
"d053_o02","53","2","PUBLIC_VIDEO_PENDING_TRANSCRIPTION","","","","","","","存在连续公开菜谱视频，可逐帧转录"
"d053_o03","53","3","PUBLIC_VIDEO_PENDING_TRANSCRIPTION","","","","","","","存在连续公开菜谱视频，可逐帧转录"
"d053_o04","53","4","PUBLIC_VIDEO_PENDING_TRANSCRIPTION","","","","","","","存在连续公开菜谱视频，可逐帧转录"
"d053_o05","53","5","PUBLIC_VIDEO_PENDING_TRANSCRIPTION","","","","","","","存在连续公开菜谱视频，可逐帧转录"
"d053_o06","53","6","PUBLIC_VIDEO_PENDING_TRANSCRIPTION","","","","","","","存在连续公开菜谱视频，可逐帧转录"
"d054_o01","54","1","PUBLIC_VIDEO_PENDING_TRANSCRIPTION","","","","","","","存在连续公开菜谱视频，可逐帧转录"
"d054_o02","54","2","PUBLIC_VIDEO_PENDING_TRANSCRIPTION","","","","","","","存在连续公开菜谱视频，可逐帧转录"
"d054_o03","54","3","PUBLIC_VIDEO_PENDING_TRANSCRIPTION","","","","","","","存在连续公开菜谱视频，可逐帧转录"
"d054_o04","54","4","PUBLIC_VIDEO_PENDING_TRANSCRIPTION","","","","","","","存在连续公开菜谱视频，可逐帧转录"
"d054_o05","54","5","PUBLIC_VIDEO_PENDING_TRANSCRIPTION","","","","","","","存在连续公开菜谱视频，可逐帧转录"
"d054_o06","54","6","PUBLIC_VIDEO_PENDING_TRANSCRIPTION","","","","","","","存在连续公开菜谱视频，可逐帧转录"
"d055_o01","55","1","PUBLIC_VIDEO_PENDING_TRANSCRIPTION","","","","","","","存在连续公开菜谱视频，可逐帧转录"
"d055_o02","55","2","PUBLIC_VIDEO_PENDING_TRANSCRIPTION","","","","","","","存在连续公开菜谱视频，可逐帧转录"
"d055_o03","55","3","PUBLIC_VIDEO_PENDING_TRANSCRIPTION","","","","","","","存在连续公开菜谱视频，可逐帧转录"
"d055_o04","55","4","PUBLIC_VIDEO_PENDING_TRANSCRIPTION","","","","","","","存在连续公开菜谱视频，可逐帧转录"
"d055_o05","55","5","PUBLIC_VIDEO_PENDING_TRANSCRIPTION","","","","","","","存在连续公开菜谱视频，可逐帧转录"
"d055_o06","55","6","PUBLIC_VIDEO_PENDING_TRANSCRIPTION","","","","","","","存在连续公开菜谱视频，可逐帧转录"
"d056_o01","56","1","PUBLIC_VIDEO_PENDING_TRANSCRIPTION","","","","","","","存在连续公开菜谱视频，可逐帧转录"
"d056_o02","56","2","PUBLIC_VIDEO_PENDING_TRANSCRIPTION","","","","","","","存在连续公开菜谱视频，可逐帧转录"
"d056_o03","56","3","PUBLIC_VIDEO_PENDING_TRANSCRIPTION","","","","","","","存在连续公开菜谱视频，可逐帧转录"
"d056_o04","56","4","PUBLIC_VIDEO_PENDING_TRANSCRIPTION","","","","","","","存在连续公开菜谱视频，可逐帧转录"
"d056_o05","56","5","PUBLIC_VIDEO_PENDING_TRANSCRIPTION","","","","","","","存在连续公开菜谱视频，可逐帧转录"
"d056_o06","56","6","PUBLIC_VIDEO_PENDING_TRANSCRIPTION","","","","","","","存在连续公开菜谱视频，可逐帧转录"
"d056_o07","56","7","PUBLIC_VIDEO_PENDING_TRANSCRIPTION","","","","","","","存在连续公开菜谱视频，可逐帧转录"
"d057_o01","57","1","PUBLIC_VIDEO_PENDING_TRANSCRIPTION","","","","","","","存在连续公开菜谱视频，可逐帧转录"
"d057_o02","57","2","PUBLIC_VIDEO_PENDING_TRANSCRIPTION","","","","","","","存在连续公开菜谱视频，可逐帧转录"
"d057_o03","57","3","PUBLIC_VIDEO_PENDING_TRANSCRIPTION","","","","","","","存在连续公开菜谱视频，可逐帧转录"
"d057_o04","57","4","PUBLIC_VIDEO_PENDING_TRANSCRIPTION","","","","","","","存在连续公开菜谱视频，可逐帧转录"
"d057_o05","57","5","PUBLIC_VIDEO_PENDING_TRANSCRIPTION","","","","","","","存在连续公开菜谱视频，可逐帧转录"
"d057_o06","57","6","PUBLIC_VIDEO_PENDING_TRANSCRIPTION","","","","","","","存在连续公开菜谱视频，可逐帧转录"
"d058_o01","58","1","PUBLIC_VIDEO_PENDING_TRANSCRIPTION","","","","","","","存在连续公开菜谱视频，可逐帧转录"
"d058_o02","58","2","PUBLIC_VIDEO_PENDING_TRANSCRIPTION","","","","","","","存在连续公开菜谱视频，可逐帧转录"
"d058_o03","58","3","PUBLIC_VIDEO_PENDING_TRANSCRIPTION","","","","","","","存在连续公开菜谱视频，可逐帧转录"
"d058_o04","58","4","PUBLIC_VIDEO_PENDING_TRANSCRIPTION","","","","","","","存在连续公开菜谱视频，可逐帧转录"
"d058_o05","58","5","PUBLIC_VIDEO_PENDING_TRANSCRIPTION","","","","","","","存在连续公开菜谱视频，可逐帧转录"
"d058_o06","58","6","PUBLIC_VIDEO_PENDING_TRANSCRIPTION","","","","","","","存在连续公开菜谱视频，可逐帧转录"
"d059_o01","59","1","PUBLIC_VIDEO_PENDING_TRANSCRIPTION","","","","","","","存在连续公开菜谱视频，可逐帧转录"
"d059_o02","59","2","PUBLIC_VIDEO_PENDING_TRANSCRIPTION","","","","","","","存在连续公开菜谱视频，可逐帧转录"
"d059_o03","59","3","PUBLIC_VIDEO_PENDING_TRANSCRIPTION","","","","","","","存在连续公开菜谱视频，可逐帧转录"
"d059_o04","59","4","PUBLIC_VIDEO_PENDING_TRANSCRIPTION","","","","","","","存在连续公开菜谱视频，可逐帧转录"
"d059_o05","59","5","PUBLIC_VIDEO_PENDING_TRANSCRIPTION","","","","","","","存在连续公开菜谱视频，可逐帧转录"
"d059_o06","59","6","PUBLIC_VIDEO_PENDING_TRANSCRIPTION","","","","","","","存在连续公开菜谱视频，可逐帧转录"
"d060_o01","60","1","PUBLIC_VIDEO_PENDING_TRANSCRIPTION","","","","","","","存在连续公开菜谱视频，可逐帧转录"
"d060_o02","60","2","PUBLIC_VIDEO_PENDING_TRANSCRIPTION","","","","","","","存在连续公开菜谱视频，可逐帧转录"
"d060_o03","60","3","PUBLIC_VIDEO_PENDING_TRANSCRIPTION","","","","","","","存在连续公开菜谱视频，可逐帧转录"
"d060_o04","60","4","PUBLIC_VIDEO_PENDING_TRANSCRIPTION","","","","","","","存在连续公开菜谱视频，可逐帧转录"
"d060_o05","60","5","PUBLIC_VIDEO_PENDING_TRANSCRIPTION","","","","","","","存在连续公开菜谱视频，可逐帧转录"
"d060_o06","60","6","PUBLIC_VIDEO_PENDING_TRANSCRIPTION","","","","","","","存在连续公开菜谱视频，可逐帧转录"
"d061_o01","61","1","DEV_BLUEPRINT","","","","","","","未在本轮取得可直接结构化的完整公开菜单；以下为开发蓝图"
"d061_o02","61","2","DEV_BLUEPRINT","","","","","","","未在本轮取得可直接结构化的完整公开菜单；以下为开发蓝图"
"d061_o03","61","3","DEV_BLUEPRINT","","","","","","","未在本轮取得可直接结构化的完整公开菜单；以下为开发蓝图"
"d061_o04","61","4","DEV_BLUEPRINT","","","","","","","未在本轮取得可直接结构化的完整公开菜单；以下为开发蓝图"
"d061_o05","61","5","DEV_BLUEPRINT","","","","","","","未在本轮取得可直接结构化的完整公开菜单；以下为开发蓝图"
"d061_o06","61","6","DEV_BLUEPRINT","","","","","","","未在本轮取得可直接结构化的完整公开菜单；以下为开发蓝图"
"d062_o01","62","1","DEV_BLUEPRINT","","","","","","","未在本轮取得可直接结构化的完整公开菜单；以下为开发蓝图"
"d062_o02","62","2","DEV_BLUEPRINT","","","","","","","未在本轮取得可直接结构化的完整公开菜单；以下为开发蓝图"
"d062_o03","62","3","DEV_BLUEPRINT","","","","","","","未在本轮取得可直接结构化的完整公开菜单；以下为开发蓝图"
"d062_o04","62","4","DEV_BLUEPRINT","","","","","","","未在本轮取得可直接结构化的完整公开菜单；以下为开发蓝图"
"d062_o05","62","5","DEV_BLUEPRINT","","","","","","","未在本轮取得可直接结构化的完整公开菜单；以下为开发蓝图"
"d062_o06","62","6","DEV_BLUEPRINT","","","","","","","未在本轮取得可直接结构化的完整公开菜单；以下为开发蓝图"
"d063_o01","63","1","DEV_BLUEPRINT","","","","","","","未在本轮取得可直接结构化的完整公开菜单；以下为开发蓝图"
"d063_o02","63","2","DEV_BLUEPRINT","","","","","","","未在本轮取得可直接结构化的完整公开菜单；以下为开发蓝图"
"d063_o03","63","3","DEV_BLUEPRINT","","","","","","","未在本轮取得可直接结构化的完整公开菜单；以下为开发蓝图"
"d063_o04","63","4","DEV_BLUEPRINT","","","","","","","未在本轮取得可直接结构化的完整公开菜单；以下为开发蓝图"
"d063_o05","63","5","DEV_BLUEPRINT","","","","","","","未在本轮取得可直接结构化的完整公开菜单；以下为开发蓝图"
"d063_o06","63","6","DEV_BLUEPRINT","","","","","","","未在本轮取得可直接结构化的完整公开菜单；以下为开发蓝图"
"d063_o07","63","7","DEV_BLUEPRINT","","","","","","","未在本轮取得可直接结构化的完整公开菜单；以下为开发蓝图"
"d064_o01","64","1","DEV_BLUEPRINT","","","","","","","未在本轮取得可直接结构化的完整公开菜单；以下为开发蓝图"
"d064_o02","64","2","DEV_BLUEPRINT","","","","","","","未在本轮取得可直接结构化的完整公开菜单；以下为开发蓝图"
"d064_o03","64","3","DEV_BLUEPRINT","","","","","","","未在本轮取得可直接结构化的完整公开菜单；以下为开发蓝图"
"d064_o04","64","4","DEV_BLUEPRINT","","","","","","","未在本轮取得可直接结构化的完整公开菜单；以下为开发蓝图"
"d064_o05","64","5","DEV_BLUEPRINT","","","","","","","未在本轮取得可直接结构化的完整公开菜单；以下为开发蓝图"
"d064_o06","64","6","DEV_BLUEPRINT","","","","","","","未在本轮取得可直接结构化的完整公开菜单；以下为开发蓝图"
"d065_o01","65","1","DEV_BLUEPRINT","","","","","","","未在本轮取得可直接结构化的完整公开菜单；以下为开发蓝图"
"d065_o02","65","2","DEV_BLUEPRINT","","","","","","","未在本轮取得可直接结构化的完整公开菜单；以下为开发蓝图"
"d065_o03","65","3","DEV_BLUEPRINT","","","","","","","未在本轮取得可直接结构化的完整公开菜单；以下为开发蓝图"
"d065_o04","65","4","DEV_BLUEPRINT","","","","","","","未在本轮取得可直接结构化的完整公开菜单；以下为开发蓝图"
"d065_o05","65","5","DEV_BLUEPRINT","","","","","","","未在本轮取得可直接结构化的完整公开菜单；以下为开发蓝图"
"d065_o06","65","6","DEV_BLUEPRINT","","","","","","","未在本轮取得可直接结构化的完整公开菜单；以下为开发蓝图"
"d066_o01","66","1","DEV_BLUEPRINT","","","","","","","未在本轮取得可直接结构化的完整公开菜单；以下为开发蓝图"
"d066_o02","66","2","DEV_BLUEPRINT","","","","","","","未在本轮取得可直接结构化的完整公开菜单；以下为开发蓝图"
"d066_o03","66","3","DEV_BLUEPRINT","","","","","","","未在本轮取得可直接结构化的完整公开菜单；以下为开发蓝图"
"d066_o04","66","4","DEV_BLUEPRINT","","","","","","","未在本轮取得可直接结构化的完整公开菜单；以下为开发蓝图"
"d066_o05","66","5","DEV_BLUEPRINT","","","","","","","未在本轮取得可直接结构化的完整公开菜单；以下为开发蓝图"
"d066_o06","66","6","DEV_BLUEPRINT","","","","","","","未在本轮取得可直接结构化的完整公开菜单；以下为开发蓝图"
"d067_o01","67","1","DEV_BLUEPRINT","","","","","","","未在本轮取得可直接结构化的完整公开菜单；以下为开发蓝图"
"d067_o02","67","2","DEV_BLUEPRINT","","","","","","","未在本轮取得可直接结构化的完整公开菜单；以下为开发蓝图"
"d067_o03","67","3","DEV_BLUEPRINT","","","","","","","未在本轮取得可直接结构化的完整公开菜单；以下为开发蓝图"
"d067_o04","67","4","DEV_BLUEPRINT","","","","","","","未在本轮取得可直接结构化的完整公开菜单；以下为开发蓝图"
"d067_o05","67","5","DEV_BLUEPRINT","","","","","","","未在本轮取得可直接结构化的完整公开菜单；以下为开发蓝图"
"d067_o06","67","6","DEV_BLUEPRINT","","","","","","","未在本轮取得可直接结构化的完整公开菜单；以下为开发蓝图"
"d068_o01","68","1","DEV_BLUEPRINT","","","","","","","未在本轮取得可直接结构化的完整公开菜单；以下为开发蓝图"
"d068_o02","68","2","DEV_BLUEPRINT","","","","","","","未在本轮取得可直接结构化的完整公开菜单；以下为开发蓝图"
"d068_o03","68","3","DEV_BLUEPRINT","","","","","","","未在本轮取得可直接结构化的完整公开菜单；以下为开发蓝图"
"d068_o04","68","4","DEV_BLUEPRINT","","","","","","","未在本轮取得可直接结构化的完整公开菜单；以下为开发蓝图"
"d068_o05","68","5","DEV_BLUEPRINT","","","","","","","未在本轮取得可直接结构化的完整公开菜单；以下为开发蓝图"
"d068_o06","68","6","DEV_BLUEPRINT","","","","","","","未在本轮取得可直接结构化的完整公开菜单；以下为开发蓝图"
"d069_o01","69","1","DEV_BLUEPRINT","","","","","","","未在本轮取得可直接结构化的完整公开菜单；以下为开发蓝图"
"d069_o02","69","2","DEV_BLUEPRINT","","","","","","","未在本轮取得可直接结构化的完整公开菜单；以下为开发蓝图"
"d069_o03","69","3","DEV_BLUEPRINT","","","","","","","未在本轮取得可直接结构化的完整公开菜单；以下为开发蓝图"
"d069_o04","69","4","DEV_BLUEPRINT","","","","","","","未在本轮取得可直接结构化的完整公开菜单；以下为开发蓝图"
"d069_o05","69","5","DEV_BLUEPRINT","","","","","","","未在本轮取得可直接结构化的完整公开菜单；以下为开发蓝图"
"d069_o06","69","6","DEV_BLUEPRINT","","","","","","","未在本轮取得可直接结构化的完整公开菜单；以下为开发蓝图"
"d070_o01","70","1","DEV_BLUEPRINT","","","","","","","未在本轮取得可直接结构化的完整公开菜单；以下为开发蓝图"
"d070_o02","70","2","DEV_BLUEPRINT","","","","","","","未在本轮取得可直接结构化的完整公开菜单；以下为开发蓝图"
"d070_o03","70","3","DEV_BLUEPRINT","","","","","","","未在本轮取得可直接结构化的完整公开菜单；以下为开发蓝图"
"d070_o04","70","4","DEV_BLUEPRINT","","","","","","","未在本轮取得可直接结构化的完整公开菜单；以下为开发蓝图"
"d070_o05","70","5","DEV_BLUEPRINT","","","","","","","未在本轮取得可直接结构化的完整公开菜单；以下为开发蓝图"
"d070_o06","70","6","DEV_BLUEPRINT","","","","","","","未在本轮取得可直接结构化的完整公开菜单；以下为开发蓝图"
"d070_o07","70","7","DEV_BLUEPRINT","","","","","","","未在本轮取得可直接结构化的完整公开菜单；以下为开发蓝图"
"d071_o01","71","1","DEV_BLUEPRINT","","","","","","","未在本轮取得可直接结构化的完整公开菜单；以下为开发蓝图"
"d071_o02","71","2","DEV_BLUEPRINT","","","","","","","未在本轮取得可直接结构化的完整公开菜单；以下为开发蓝图"
"d071_o03","71","3","DEV_BLUEPRINT","","","","","","","未在本轮取得可直接结构化的完整公开菜单；以下为开发蓝图"
"d071_o04","71","4","DEV_BLUEPRINT","","","","","","","未在本轮取得可直接结构化的完整公开菜单；以下为开发蓝图"
"d071_o05","71","5","DEV_BLUEPRINT","","","","","","","未在本轮取得可直接结构化的完整公开菜单；以下为开发蓝图"
"d071_o06","71","6","DEV_BLUEPRINT","","","","","","","未在本轮取得可直接结构化的完整公开菜单；以下为开发蓝图"
"d072_o01","72","1","DEV_BLUEPRINT","","","","","","","未在本轮取得可直接结构化的完整公开菜单；以下为开发蓝图"
"d072_o02","72","2","DEV_BLUEPRINT","","","","","","","未在本轮取得可直接结构化的完整公开菜单；以下为开发蓝图"
"d072_o03","72","3","DEV_BLUEPRINT","","","","","","","未在本轮取得可直接结构化的完整公开菜单；以下为开发蓝图"
"d072_o04","72","4","DEV_BLUEPRINT","","","","","","","未在本轮取得可直接结构化的完整公开菜单；以下为开发蓝图"
"d072_o05","72","5","DEV_BLUEPRINT","","","","","","","未在本轮取得可直接结构化的完整公开菜单；以下为开发蓝图"
"d072_o06","72","6","DEV_BLUEPRINT","","","","","","","未在本轮取得可直接结构化的完整公开菜单；以下为开发蓝图"
"d073_o01","73","1","DEV_BLUEPRINT","","","","","","","未在本轮取得可直接结构化的完整公开菜单；以下为开发蓝图"
"d073_o02","73","2","DEV_BLUEPRINT","","","","","","","未在本轮取得可直接结构化的完整公开菜单；以下为开发蓝图"
"d073_o03","73","3","DEV_BLUEPRINT","","","","","","","未在本轮取得可直接结构化的完整公开菜单；以下为开发蓝图"
"d073_o04","73","4","DEV_BLUEPRINT","","","","","","","未在本轮取得可直接结构化的完整公开菜单；以下为开发蓝图"
"d073_o05","73","5","DEV_BLUEPRINT","","","","","","","未在本轮取得可直接结构化的完整公开菜单；以下为开发蓝图"
"d073_o06","73","6","DEV_BLUEPRINT","","","","","","","未在本轮取得可直接结构化的完整公开菜单；以下为开发蓝图"
"d074_o01","74","1","DEV_BLUEPRINT","","","","","","","未在本轮取得可直接结构化的完整公开菜单；以下为开发蓝图"
"d074_o02","74","2","DEV_BLUEPRINT","","","","","","","未在本轮取得可直接结构化的完整公开菜单；以下为开发蓝图"
"d074_o03","74","3","DEV_BLUEPRINT","","","","","","","未在本轮取得可直接结构化的完整公开菜单；以下为开发蓝图"
"d074_o04","74","4","DEV_BLUEPRINT","","","","","","","未在本轮取得可直接结构化的完整公开菜单；以下为开发蓝图"
"d074_o05","74","5","DEV_BLUEPRINT","","","","","","","未在本轮取得可直接结构化的完整公开菜单；以下为开发蓝图"
"d074_o06","74","6","DEV_BLUEPRINT","","","","","","","未在本轮取得可直接结构化的完整公开菜单；以下为开发蓝图"
"d075_o01","75","1","PUBLIC_ANCHOR_PARTIAL","","","","","","","公开锚点：能量饮料+香槟，同源饮料柜；玩家估算约700-800体力"
"d075_o02","75","2","PUBLIC_ANCHOR_PARTIAL","","","","","","","有玩家公开记录：能量饮料+香槟、饮料柜、约700-800体力"
"d075_o03","75","3","PUBLIC_ANCHOR_PARTIAL","","","","","","","有玩家公开记录：能量饮料+香槟、饮料柜、约700-800体力"
"d075_o04","75","4","PUBLIC_ANCHOR_PARTIAL","","","","","","","有玩家公开记录：能量饮料+香槟、饮料柜、约700-800体力"
"d075_o05","75","5","PUBLIC_ANCHOR_PARTIAL","","","","","","","有玩家公开记录：能量饮料+香槟、饮料柜、约700-800体力"
"d075_o06","75","6","PUBLIC_ANCHOR_PARTIAL","","","","","","","有玩家公开记录：能量饮料+香槟、饮料柜、约700-800体力"
"d076_o01","76","1","DEV_BLUEPRINT","","","","","","","未在本轮取得可直接结构化的完整公开菜单；以下为开发蓝图"
"d076_o02","76","2","DEV_BLUEPRINT","","","","","","","未在本轮取得可直接结构化的完整公开菜单；以下为开发蓝图"
"d076_o03","76","3","DEV_BLUEPRINT","","","","","","","未在本轮取得可直接结构化的完整公开菜单；以下为开发蓝图"
"d076_o04","76","4","DEV_BLUEPRINT","","","","","","","未在本轮取得可直接结构化的完整公开菜单；以下为开发蓝图"
"d076_o05","76","5","DEV_BLUEPRINT","","","","","","","未在本轮取得可直接结构化的完整公开菜单；以下为开发蓝图"
"d076_o06","76","6","DEV_BLUEPRINT","","","","","","","未在本轮取得可直接结构化的完整公开菜单；以下为开发蓝图"
"d077_o01","77","1","DEV_BLUEPRINT","","","","","","","未在本轮取得可直接结构化的完整公开菜单；以下为开发蓝图"
"d077_o02","77","2","DEV_BLUEPRINT","","","","","","","未在本轮取得可直接结构化的完整公开菜单；以下为开发蓝图"
"d077_o03","77","3","DEV_BLUEPRINT","","","","","","","未在本轮取得可直接结构化的完整公开菜单；以下为开发蓝图"
"d077_o04","77","4","DEV_BLUEPRINT","","","","","","","未在本轮取得可直接结构化的完整公开菜单；以下为开发蓝图"
"d077_o05","77","5","DEV_BLUEPRINT","","","","","","","未在本轮取得可直接结构化的完整公开菜单；以下为开发蓝图"
"d077_o06","77","6","DEV_BLUEPRINT","","","","","","","未在本轮取得可直接结构化的完整公开菜单；以下为开发蓝图"
"d077_o07","77","7","DEV_BLUEPRINT","","","","","","","未在本轮取得可直接结构化的完整公开菜单；以下为开发蓝图"
"d078_o01","78","1","DEV_BLUEPRINT","","","","","","","未在本轮取得可直接结构化的完整公开菜单；以下为开发蓝图"
"d078_o02","78","2","DEV_BLUEPRINT","","","","","","","未在本轮取得可直接结构化的完整公开菜单；以下为开发蓝图"
"d078_o03","78","3","DEV_BLUEPRINT","","","","","","","未在本轮取得可直接结构化的完整公开菜单；以下为开发蓝图"
"d078_o04","78","4","DEV_BLUEPRINT","","","","","","","未在本轮取得可直接结构化的完整公开菜单；以下为开发蓝图"
"d078_o05","78","5","DEV_BLUEPRINT","","","","","","","未在本轮取得可直接结构化的完整公开菜单；以下为开发蓝图"
"d078_o06","78","6","DEV_BLUEPRINT","","","","","","","未在本轮取得可直接结构化的完整公开菜单；以下为开发蓝图"
"d079_o01","79","1","DEV_BLUEPRINT","","","","","","","未在本轮取得可直接结构化的完整公开菜单；以下为开发蓝图"
"d079_o02","79","2","DEV_BLUEPRINT","","","","","","","未在本轮取得可直接结构化的完整公开菜单；以下为开发蓝图"
"d079_o03","79","3","DEV_BLUEPRINT","","","","","","","未在本轮取得可直接结构化的完整公开菜单；以下为开发蓝图"
"d079_o04","79","4","DEV_BLUEPRINT","","","","","","","未在本轮取得可直接结构化的完整公开菜单；以下为开发蓝图"
"d079_o05","79","5","DEV_BLUEPRINT","","","","","","","未在本轮取得可直接结构化的完整公开菜单；以下为开发蓝图"
"d079_o06","79","6","DEV_BLUEPRINT","","","","","","","未在本轮取得可直接结构化的完整公开菜单；以下为开发蓝图"
"d080_o01","80","1","PUBLIC_TRANSCRIBED_VISUAL","新鲜生蚝","","","","","","公开菜单截图视觉转录；可见食材/中间食谱：生蚝；visualConfidence=HIGH；source=https://www.taptap.cn/moment/790629105325312627"
"d080_o02","80","2","PUBLIC_TRANSCRIBED_VISUAL_REVIEW","龙舌兰螺丝刀","","","","","","公开菜单截图视觉转录；可见食材/中间食谱：龙舌兰｜鲜榨橙汁；鲜榨橙汁→橙子；visualConfidence=MEDIUM；source=https://www.taptap.cn/moment/790629105325312627"
"d080_o03","80","3","PUBLIC_TRANSCRIBED_VISUAL","芝士热狗","","","","","","公开菜单截图视觉转录；可见食材/中间食谱：芝士片｜炭烤烤肉肠｜烤热狗面包；炭烤烤肉肠→肉肠；烤热狗面包→矿泉水｜小麦粉｜玻璃碗；visualConfidence=HIGH；source=https://www.taptap.cn/moment/790629105325312627"
"d080_o04","80","4","PUBLIC_TRANSCRIBED_VISUAL","蒜香面包","","","","","","公开菜单截图视觉转录；可见食材/中间食谱：蒜｜芝士片｜小麦粉；visualConfidence=HIGH；source=https://www.taptap.cn/moment/790629105325312627"
"d080_o05","80","5","PUBLIC_TRANSCRIBED_VISUAL","花茶","","","","","","公开菜单截图视觉转录；可见食材/中间食谱：花茶；visualConfidence=HIGH；source=https://www.taptap.cn/moment/790629105325312627"
"d080_o06","80","6","PUBLIC_TRANSCRIBED_VISUAL","浆果蜂蜜燕麦碗","","","","","","公开菜单截图视觉转录；可见食材/中间食谱：蓝莓｜草莓｜蜂蜜｜燕麦；visualConfidence=HIGH；source=https://www.taptap.cn/moment/790629105325312627"
"d080_o07","80","7","PUBLIC_TRANSCRIBED_VISUAL","糖豆","","","","","","公开菜单截图视觉转录；可见食材/中间食谱：糖豆；visualConfidence=HIGH；source=https://www.taptap.cn/moment/790629105325312627"
"d081_o01","81","1","DEV_BLUEPRINT","","","","","","","未在本轮取得可直接结构化的完整公开菜单；以下为开发蓝图"
"d081_o02","81","2","DEV_BLUEPRINT","","","","","","","未在本轮取得可直接结构化的完整公开菜单；以下为开发蓝图"
"d081_o03","81","3","DEV_BLUEPRINT","","","","","","","未在本轮取得可直接结构化的完整公开菜单；以下为开发蓝图"
"d081_o04","81","4","DEV_BLUEPRINT","","","","","","","未在本轮取得可直接结构化的完整公开菜单；以下为开发蓝图"
"d081_o05","81","5","DEV_BLUEPRINT","","","","","","","未在本轮取得可直接结构化的完整公开菜单；以下为开发蓝图"
"d081_o06","81","6","DEV_BLUEPRINT","","","","","","","未在本轮取得可直接结构化的完整公开菜单；以下为开发蓝图"
"d082_o01","82","1","PUBLIC_MEDIA_PENDING_TRANSCRIPTION","","","","","","","存在公开菜单/论坛条目或截图"
"d082_o02","82","2","PUBLIC_MEDIA_PENDING_TRANSCRIPTION","","","","","","","存在公开菜单/论坛条目或截图"
"d082_o03","82","3","PUBLIC_MEDIA_PENDING_TRANSCRIPTION","","","","","","","存在公开菜单/论坛条目或截图"
"d082_o04","82","4","PUBLIC_MEDIA_PENDING_TRANSCRIPTION","","","","","","","存在公开菜单/论坛条目或截图"
"d082_o05","82","5","PUBLIC_MEDIA_PENDING_TRANSCRIPTION","","","","","","","存在公开菜单/论坛条目或截图"
"d082_o06","82","6","PUBLIC_MEDIA_PENDING_TRANSCRIPTION","","","","","","","存在公开菜单/论坛条目或截图"
"d083_o01","83","1","PUBLIC_MEDIA_PENDING_TRANSCRIPTION","","","","","","","存在公开菜单/论坛条目或截图"
"d083_o02","83","2","PUBLIC_MEDIA_PENDING_TRANSCRIPTION","","","","","","","存在公开菜单/论坛条目或截图"
"d083_o03","83","3","PUBLIC_MEDIA_PENDING_TRANSCRIPTION","","","","","","","存在公开菜单/论坛条目或截图"
"d083_o04","83","4","PUBLIC_MEDIA_PENDING_TRANSCRIPTION","","","","","","","存在公开菜单/论坛条目或截图"
"d083_o05","83","5","PUBLIC_MEDIA_PENDING_TRANSCRIPTION","","","","","","","存在公开菜单/论坛条目或截图"
"d083_o06","83","6","PUBLIC_MEDIA_PENDING_TRANSCRIPTION","","","","","","","存在公开菜单/论坛条目或截图"
"d084_o01","84","1","PUBLIC_TRANSCRIBED_VISUAL","芒果","","","","","","公开菜单截图视觉转录；可见原料：芒果；source=https://www.taptap.cn/moment/790906865650238207"
"d084_o02","84","2","PUBLIC_TRANSCRIBED_VISUAL","黄金烤肘子","","","","","","公开菜单截图视觉转录；可见原料：肘子；source=https://www.taptap.cn/moment/790906865650238207"
"d084_o03","84","3","PUBLIC_TRANSCRIBED_VISUAL","乌龙茶","","","","","","公开菜单截图视觉转录；可见原料：乌龙茶；source=https://www.taptap.cn/moment/790906865650238207"
"d084_o04","84","4","PUBLIC_TRANSCRIBED_VISUAL","焦香洋葱饭","","","","","","公开菜单截图视觉转录；可见原料：洋葱｜大米；source=https://www.taptap.cn/moment/790906865650238207"
"d084_o05","84","5","PUBLIC_TRANSCRIBED_VISUAL","深烘咖啡","","","","","","公开菜单截图视觉转录；可见原料：深烘咖啡；source=https://www.taptap.cn/moment/790906865650238207"
"d084_o06","84","6","PUBLIC_TRANSCRIBED_VISUAL","炭烤鸡胸肉","","","","","","公开菜单截图视觉转录；可见原料：鸡胸肉；source=https://www.taptap.cn/moment/790906865650238207"
"d084_o07","84","7","PUBLIC_TRANSCRIBED_VISUAL","姜汁水","","","","","","公开菜单截图视觉转录；可见原料：姜汁水；source=https://www.taptap.cn/moment/790906865650238207"
"d084_o08","84","8","PUBLIC_TRANSCRIBED_VISUAL","黄油拌饭","","","","","","公开菜单截图视觉转录；可见原料：黄油｜大米；source=https://www.taptap.cn/moment/790906865650238207"
"d084_o09","84","9","PUBLIC_TRANSCRIBED_VISUAL","蜜汁烤鸡","","","","","","公开菜单截图视觉转录；可见原料：带骨全鸡；source=https://www.taptap.cn/moment/790906865650238207"
"d084_o10","84","10","PUBLIC_TRANSCRIBED_VISUAL","新鲜生蚝","","","","","","公开菜单截图视觉转录；可见原料：生蚝；source=https://www.taptap.cn/moment/790906865650238207"
"d084_o11","84","11","PUBLIC_TRANSCRIBED_VISUAL","朗姆可乐","","","","","","公开菜单截图视觉转录；可见原料：朗姆｜可乐；source=https://www.taptap.cn/moment/790906865650238207"
"d084_o12","84","12","PUBLIC_TRANSCRIBED_VISUAL","浆果蜂蜜燕麦碗","","","","","","公开菜单截图视觉转录；可见原料：蓝莓｜草莓｜蜂蜜｜燕麦；source=https://www.taptap.cn/moment/790906865650238207"
"d084_o13","84","13","PUBLIC_TRANSCRIBED_VISUAL","田园沙拉","","","","","","公开菜单截图视觉转录；可见原料：生菜｜番茄｜西兰花；source=https://www.taptap.cn/moment/790906865650238207"
"d084_o14","84","14","PUBLIC_TRANSCRIBED_VISUAL","莫斯科之骡","","","","","","公开菜单截图视觉转录；可见原料：柠檬｜伏特加｜姜汁水；source=https://www.taptap.cn/moment/790906865650238207"
"d085_o01","85","1","DEV_BLUEPRINT","","","","","","","未在本轮取得可直接结构化的完整公开菜单；以下为开发蓝图"
"d085_o02","85","2","DEV_BLUEPRINT","","","","","","","未在本轮取得可直接结构化的完整公开菜单；以下为开发蓝图"
"d085_o03","85","3","DEV_BLUEPRINT","","","","","","","未在本轮取得可直接结构化的完整公开菜单；以下为开发蓝图"
"d085_o04","85","4","DEV_BLUEPRINT","","","","","","","未在本轮取得可直接结构化的完整公开菜单；以下为开发蓝图"
"d085_o05","85","5","DEV_BLUEPRINT","","","","","","","未在本轮取得可直接结构化的完整公开菜单；以下为开发蓝图"
"d085_o06","85","6","DEV_BLUEPRINT","","","","","","","未在本轮取得可直接结构化的完整公开菜单；以下为开发蓝图"
"d086_o01","86","1","DEV_BLUEPRINT","","","","","","","未在本轮取得可直接结构化的完整公开菜单；以下为开发蓝图"
"d086_o02","86","2","DEV_BLUEPRINT","","","","","","","未在本轮取得可直接结构化的完整公开菜单；以下为开发蓝图"
"d086_o03","86","3","DEV_BLUEPRINT","","","","","","","未在本轮取得可直接结构化的完整公开菜单；以下为开发蓝图"
"d086_o04","86","4","DEV_BLUEPRINT","","","","","","","未在本轮取得可直接结构化的完整公开菜单；以下为开发蓝图"
"d086_o05","86","5","DEV_BLUEPRINT","","","","","","","未在本轮取得可直接结构化的完整公开菜单；以下为开发蓝图"
"d086_o06","86","6","DEV_BLUEPRINT","","","","","","","未在本轮取得可直接结构化的完整公开菜单；以下为开发蓝图"
"d087_o01","87","1","PUBLIC_MEDIA_PENDING_TRANSCRIPTION","","","","","","","存在公开菜单/论坛条目或截图"
"d087_o02","87","2","PUBLIC_MEDIA_PENDING_TRANSCRIPTION","","","","","","","存在公开菜单/论坛条目或截图"
"d087_o03","87","3","PUBLIC_MEDIA_PENDING_TRANSCRIPTION","","","","","","","存在公开菜单/论坛条目或截图"
"d087_o04","87","4","PUBLIC_MEDIA_PENDING_TRANSCRIPTION","","","","","","","存在公开菜单/论坛条目或截图"
"d087_o05","87","5","PUBLIC_MEDIA_PENDING_TRANSCRIPTION","","","","","","","存在公开菜单/论坛条目或截图"
"d087_o06","87","6","PUBLIC_MEDIA_PENDING_TRANSCRIPTION","","","","","","","存在公开菜单/论坛条目或截图"
"d088_o01","88","1","DEV_BLUEPRINT","","","","","","","未在本轮取得可直接结构化的完整公开菜单；以下为开发蓝图"
"d088_o02","88","2","DEV_BLUEPRINT","","","","","","","未在本轮取得可直接结构化的完整公开菜单；以下为开发蓝图"
"d088_o03","88","3","DEV_BLUEPRINT","","","","","","","未在本轮取得可直接结构化的完整公开菜单；以下为开发蓝图"
"d088_o04","88","4","DEV_BLUEPRINT","","","","","","","未在本轮取得可直接结构化的完整公开菜单；以下为开发蓝图"
"d088_o05","88","5","DEV_BLUEPRINT","","","","","","","未在本轮取得可直接结构化的完整公开菜单；以下为开发蓝图"
"d088_o06","88","6","DEV_BLUEPRINT","","","","","","","未在本轮取得可直接结构化的完整公开菜单；以下为开发蓝图"
"d089_o01","89","1","DEV_BLUEPRINT","","","","","","","未在本轮取得可直接结构化的完整公开菜单；以下为开发蓝图"
"d089_o02","89","2","DEV_BLUEPRINT","","","","","","","未在本轮取得可直接结构化的完整公开菜单；以下为开发蓝图"
"d089_o03","89","3","DEV_BLUEPRINT","","","","","","","未在本轮取得可直接结构化的完整公开菜单；以下为开发蓝图"
"d089_o04","89","4","DEV_BLUEPRINT","","","","","","","未在本轮取得可直接结构化的完整公开菜单；以下为开发蓝图"
"d089_o05","89","5","DEV_BLUEPRINT","","","","","","","未在本轮取得可直接结构化的完整公开菜单；以下为开发蓝图"
"d089_o06","89","6","DEV_BLUEPRINT","","","","","","","未在本轮取得可直接结构化的完整公开菜单；以下为开发蓝图"
"d090_o01","90","1","DEV_BLUEPRINT","","","","","","","未在本轮取得可直接结构化的完整公开菜单；以下为开发蓝图"
"d090_o02","90","2","DEV_BLUEPRINT","","","","","","","未在本轮取得可直接结构化的完整公开菜单；以下为开发蓝图"
"d090_o03","90","3","DEV_BLUEPRINT","","","","","","","未在本轮取得可直接结构化的完整公开菜单；以下为开发蓝图"
"d090_o04","90","4","DEV_BLUEPRINT","","","","","","","未在本轮取得可直接结构化的完整公开菜单；以下为开发蓝图"
"d090_o05","90","5","DEV_BLUEPRINT","","","","","","","未在本轮取得可直接结构化的完整公开菜单；以下为开发蓝图"
"d090_o06","90","6","DEV_BLUEPRINT","","","","","","","未在本轮取得可直接结构化的完整公开菜单；以下为开发蓝图"
"d091_o01","91","1","DEV_BLUEPRINT","","","","","","","未在本轮取得可直接结构化的完整公开菜单；以下为开发蓝图"
"d091_o02","91","2","DEV_BLUEPRINT","","","","","","","未在本轮取得可直接结构化的完整公开菜单；以下为开发蓝图"
"d091_o03","91","3","DEV_BLUEPRINT","","","","","","","未在本轮取得可直接结构化的完整公开菜单；以下为开发蓝图"
"d091_o04","91","4","DEV_BLUEPRINT","","","","","","","未在本轮取得可直接结构化的完整公开菜单；以下为开发蓝图"
"d091_o05","91","5","DEV_BLUEPRINT","","","","","","","未在本轮取得可直接结构化的完整公开菜单；以下为开发蓝图"
"d091_o06","91","6","DEV_BLUEPRINT","","","","","","","未在本轮取得可直接结构化的完整公开菜单；以下为开发蓝图"
"d091_o07","91","7","DEV_BLUEPRINT","","","","","","","未在本轮取得可直接结构化的完整公开菜单；以下为开发蓝图"
"d092_o01","92","1","DEV_BLUEPRINT","","","","","","","未在本轮取得可直接结构化的完整公开菜单；以下为开发蓝图"
"d092_o02","92","2","DEV_BLUEPRINT","","","","","","","未在本轮取得可直接结构化的完整公开菜单；以下为开发蓝图"
"d092_o03","92","3","DEV_BLUEPRINT","","","","","","","未在本轮取得可直接结构化的完整公开菜单；以下为开发蓝图"
"d092_o04","92","4","DEV_BLUEPRINT","","","","","","","未在本轮取得可直接结构化的完整公开菜单；以下为开发蓝图"
"d092_o05","92","5","DEV_BLUEPRINT","","","","","","","未在本轮取得可直接结构化的完整公开菜单；以下为开发蓝图"
"d092_o06","92","6","DEV_BLUEPRINT","","","","","","","未在本轮取得可直接结构化的完整公开菜单；以下为开发蓝图"
"d093_o01","93","1","DEV_BLUEPRINT","","","","","","","未在本轮取得可直接结构化的完整公开菜单；以下为开发蓝图"
"d093_o02","93","2","DEV_BLUEPRINT","","","","","","","未在本轮取得可直接结构化的完整公开菜单；以下为开发蓝图"
"d093_o03","93","3","DEV_BLUEPRINT","","","","","","","未在本轮取得可直接结构化的完整公开菜单；以下为开发蓝图"
"d093_o04","93","4","DEV_BLUEPRINT","","","","","","","未在本轮取得可直接结构化的完整公开菜单；以下为开发蓝图"
"d093_o05","93","5","DEV_BLUEPRINT","","","","","","","未在本轮取得可直接结构化的完整公开菜单；以下为开发蓝图"
"d093_o06","93","6","DEV_BLUEPRINT","","","","","","","未在本轮取得可直接结构化的完整公开菜单；以下为开发蓝图"
"d094_o01","94","1","DEV_BLUEPRINT","","","","","","","未在本轮取得可直接结构化的完整公开菜单；以下为开发蓝图"
"d094_o02","94","2","DEV_BLUEPRINT","","","","","","","未在本轮取得可直接结构化的完整公开菜单；以下为开发蓝图"
"d094_o03","94","3","DEV_BLUEPRINT","","","","","","","未在本轮取得可直接结构化的完整公开菜单；以下为开发蓝图"
"d094_o04","94","4","DEV_BLUEPRINT","","","","","","","未在本轮取得可直接结构化的完整公开菜单；以下为开发蓝图"
"d094_o05","94","5","DEV_BLUEPRINT","","","","","","","未在本轮取得可直接结构化的完整公开菜单；以下为开发蓝图"
"d094_o06","94","6","DEV_BLUEPRINT","","","","","","","未在本轮取得可直接结构化的完整公开菜单；以下为开发蓝图"
"d095_o01","95","1","DEV_BLUEPRINT","","","","","","","未在本轮取得可直接结构化的完整公开菜单；以下为开发蓝图"
"d095_o02","95","2","DEV_BLUEPRINT","","","","","","","未在本轮取得可直接结构化的完整公开菜单；以下为开发蓝图"
"d095_o03","95","3","DEV_BLUEPRINT","","","","","","","未在本轮取得可直接结构化的完整公开菜单；以下为开发蓝图"
"d095_o04","95","4","DEV_BLUEPRINT","","","","","","","未在本轮取得可直接结构化的完整公开菜单；以下为开发蓝图"
"d095_o05","95","5","DEV_BLUEPRINT","","","","","","","未在本轮取得可直接结构化的完整公开菜单；以下为开发蓝图"
"d095_o06","95","6","DEV_BLUEPRINT","","","","","","","未在本轮取得可直接结构化的完整公开菜单；以下为开发蓝图"
"d096_o01","96","1","DEV_BLUEPRINT","","","","","","","未在本轮取得可直接结构化的完整公开菜单；以下为开发蓝图"
"d096_o02","96","2","DEV_BLUEPRINT","","","","","","","未在本轮取得可直接结构化的完整公开菜单；以下为开发蓝图"
"d096_o03","96","3","DEV_BLUEPRINT","","","","","","","未在本轮取得可直接结构化的完整公开菜单；以下为开发蓝图"
"d096_o04","96","4","DEV_BLUEPRINT","","","","","","","未在本轮取得可直接结构化的完整公开菜单；以下为开发蓝图"
"d096_o05","96","5","DEV_BLUEPRINT","","","","","","","未在本轮取得可直接结构化的完整公开菜单；以下为开发蓝图"
"d096_o06","96","6","DEV_BLUEPRINT","","","","","","","未在本轮取得可直接结构化的完整公开菜单；以下为开发蓝图"
"d097_o01","97","1","DEV_BLUEPRINT","","","","","","","未在本轮取得可直接结构化的完整公开菜单；以下为开发蓝图"
"d097_o02","97","2","DEV_BLUEPRINT","","","","","","","未在本轮取得可直接结构化的完整公开菜单；以下为开发蓝图"
"d097_o03","97","3","DEV_BLUEPRINT","","","","","","","未在本轮取得可直接结构化的完整公开菜单；以下为开发蓝图"
"d097_o04","97","4","DEV_BLUEPRINT","","","","","","","未在本轮取得可直接结构化的完整公开菜单；以下为开发蓝图"
"d097_o05","97","5","DEV_BLUEPRINT","","","","","","","未在本轮取得可直接结构化的完整公开菜单；以下为开发蓝图"
"d097_o06","97","6","DEV_BLUEPRINT","","","","","","","未在本轮取得可直接结构化的完整公开菜单；以下为开发蓝图"
"d098_o01","98","1","PUBLIC_MEDIA_PENDING_TRANSCRIPTION","","","","","","","存在公开菜单/论坛条目或截图"
"d098_o02","98","2","PUBLIC_MEDIA_PENDING_TRANSCRIPTION","","","","","","","存在公开菜单/论坛条目或截图"
"d098_o03","98","3","PUBLIC_MEDIA_PENDING_TRANSCRIPTION","","","","","","","存在公开菜单/论坛条目或截图"
"d098_o04","98","4","PUBLIC_MEDIA_PENDING_TRANSCRIPTION","","","","","","","存在公开菜单/论坛条目或截图"
"d098_o05","98","5","PUBLIC_MEDIA_PENDING_TRANSCRIPTION","","","","","","","存在公开菜单/论坛条目或截图"
"d098_o06","98","6","PUBLIC_MEDIA_PENDING_TRANSCRIPTION","","","","","","","存在公开菜单/论坛条目或截图"
"d098_o07","98","7","PUBLIC_MEDIA_PENDING_TRANSCRIPTION","","","","","","","存在公开菜单/论坛条目或截图"
"d099_o01","99","1","PUBLIC_MEDIA_PENDING_TRANSCRIPTION","","","","","","","存在公开菜单/论坛条目或截图"
"d099_o02","99","2","PUBLIC_MEDIA_PENDING_TRANSCRIPTION","","","","","","","存在公开菜单/论坛条目或截图"
"d099_o03","99","3","PUBLIC_MEDIA_PENDING_TRANSCRIPTION","","","","","","","存在公开菜单/论坛条目或截图"
"d099_o04","99","4","PUBLIC_MEDIA_PENDING_TRANSCRIPTION","","","","","","","存在公开菜单/论坛条目或截图"
"d099_o05","99","5","PUBLIC_MEDIA_PENDING_TRANSCRIPTION","","","","","","","存在公开菜单/论坛条目或截图"
"d099_o06","99","6","PUBLIC_MEDIA_PENDING_TRANSCRIPTION","","","","","","","存在公开菜单/论坛条目或截图"
"d100_o01","100","1","DEV_BLUEPRINT","","","","","","","未在本轮取得可直接结构化的完整公开菜单；以下为开发蓝图"
"d100_o02","100","2","DEV_BLUEPRINT","","","","","","","未在本轮取得可直接结构化的完整公开菜单；以下为开发蓝图"
"d100_o03","100","3","DEV_BLUEPRINT","","","","","","","未在本轮取得可直接结构化的完整公开菜单；以下为开发蓝图"
"d100_o04","100","4","DEV_BLUEPRINT","","","","","","","未在本轮取得可直接结构化的完整公开菜单；以下为开发蓝图"
"d100_o05","100","5","DEV_BLUEPRINT","","","","","","","未在本轮取得可直接结构化的完整公开菜单；以下为开发蓝图"
"d100_o06","100","6","DEV_BLUEPRINT","","","","","","","未在本轮取得可直接结构化的完整公开菜单；以下为开发蓝图"
"d101_o01","101","1","PUBLIC_MEDIA_PENDING_TRANSCRIPTION","","","","","","","存在公开菜单/论坛条目或截图"
"d101_o02","101","2","PUBLIC_MEDIA_PENDING_TRANSCRIPTION","","","","","","","存在公开菜单/论坛条目或截图"
"d101_o03","101","3","PUBLIC_MEDIA_PENDING_TRANSCRIPTION","","","","","","","存在公开菜单/论坛条目或截图"
"d101_o04","101","4","PUBLIC_MEDIA_PENDING_TRANSCRIPTION","","","","","","","存在公开菜单/论坛条目或截图"
"d101_o05","101","5","PUBLIC_MEDIA_PENDING_TRANSCRIPTION","","","","","","","存在公开菜单/论坛条目或截图"
"d101_o06","101","6","PUBLIC_MEDIA_PENDING_TRANSCRIPTION","","","","","","","存在公开菜单/论坛条目或截图"
"d102_o01","102","1","PUBLIC_MEDIA_PENDING_TRANSCRIPTION","","","","","","","存在公开菜单/论坛条目或截图"
"d102_o02","102","2","PUBLIC_MEDIA_PENDING_TRANSCRIPTION","","","","","","","存在公开菜单/论坛条目或截图"
"d102_o03","102","3","PUBLIC_MEDIA_PENDING_TRANSCRIPTION","","","","","","","存在公开菜单/论坛条目或截图"
"d102_o04","102","4","PUBLIC_MEDIA_PENDING_TRANSCRIPTION","","","","","","","存在公开菜单/论坛条目或截图"
"d102_o05","102","5","PUBLIC_MEDIA_PENDING_TRANSCRIPTION","","","","","","","存在公开菜单/论坛条目或截图"
"d102_o06","102","6","PUBLIC_MEDIA_PENDING_TRANSCRIPTION","","","","","","","存在公开菜单/论坛条目或截图"
"d103_o01","103","1","PUBLIC_MEDIA_PENDING_TRANSCRIPTION","","","","","","","存在公开菜单/论坛条目或截图"
"d103_o02","103","2","PUBLIC_MEDIA_PENDING_TRANSCRIPTION","","","","","","","存在公开菜单/论坛条目或截图"
"d103_o03","103","3","PUBLIC_MEDIA_PENDING_TRANSCRIPTION","","","","","","","存在公开菜单/论坛条目或截图"
"d103_o04","103","4","PUBLIC_MEDIA_PENDING_TRANSCRIPTION","","","","","","","存在公开菜单/论坛条目或截图"
"d103_o05","103","5","PUBLIC_MEDIA_PENDING_TRANSCRIPTION","","","","","","","存在公开菜单/论坛条目或截图"
"d103_o06","103","6","PUBLIC_MEDIA_PENDING_TRANSCRIPTION","","","","","","","存在公开菜单/论坛条目或截图"
"d104_o01","104","1","PUBLIC_MEDIA_PENDING_TRANSCRIPTION","","","","","","","存在公开菜单/论坛条目或截图"
"d104_o02","104","2","PUBLIC_MEDIA_PENDING_TRANSCRIPTION","","","","","","","存在公开菜单/论坛条目或截图"
"d104_o03","104","3","PUBLIC_MEDIA_PENDING_TRANSCRIPTION","","","","","","","存在公开菜单/论坛条目或截图"
"d104_o04","104","4","PUBLIC_MEDIA_PENDING_TRANSCRIPTION","","","","","","","存在公开菜单/论坛条目或截图"
"d104_o05","104","5","PUBLIC_MEDIA_PENDING_TRANSCRIPTION","","","","","","","存在公开菜单/论坛条目或截图"
"d104_o06","104","6","PUBLIC_MEDIA_PENDING_TRANSCRIPTION","","","","","","","存在公开菜单/论坛条目或截图"
"d105_o01","105","1","PUBLIC_MEDIA_PENDING_TRANSCRIPTION","","","","","","","存在公开菜单/论坛条目或截图"
"d105_o02","105","2","PUBLIC_MEDIA_PENDING_TRANSCRIPTION","","","","","","","存在公开菜单/论坛条目或截图"
"d105_o03","105","3","PUBLIC_MEDIA_PENDING_TRANSCRIPTION","","","","","","","存在公开菜单/论坛条目或截图"
"d105_o04","105","4","PUBLIC_MEDIA_PENDING_TRANSCRIPTION","","","","","","","存在公开菜单/论坛条目或截图"
"d105_o05","105","5","PUBLIC_MEDIA_PENDING_TRANSCRIPTION","","","","","","","存在公开菜单/论坛条目或截图"
"d105_o06","105","6","PUBLIC_MEDIA_PENDING_TRANSCRIPTION","","","","","","","存在公开菜单/论坛条目或截图"
"d105_o07","105","7","PUBLIC_MEDIA_PENDING_TRANSCRIPTION","","","","","","","存在公开菜单/论坛条目或截图"
"d106_o01","106","1","PUBLIC_MEDIA_PENDING_TRANSCRIPTION","","","","","","","存在公开菜单/论坛条目或截图"
"d106_o02","106","2","PUBLIC_MEDIA_PENDING_TRANSCRIPTION","","","","","","","存在公开菜单/论坛条目或截图"
"d106_o03","106","3","PUBLIC_MEDIA_PENDING_TRANSCRIPTION","","","","","","","存在公开菜单/论坛条目或截图"
"d106_o04","106","4","PUBLIC_MEDIA_PENDING_TRANSCRIPTION","","","","","","","存在公开菜单/论坛条目或截图"
"d106_o05","106","5","PUBLIC_MEDIA_PENDING_TRANSCRIPTION","","","","","","","存在公开菜单/论坛条目或截图"
"d106_o06","106","6","PUBLIC_MEDIA_PENDING_TRANSCRIPTION","","","","","","","存在公开菜单/论坛条目或截图"
"d107_o01","107","1","PUBLIC_MEDIA_PENDING_TRANSCRIPTION","","","","","","","存在公开菜单/论坛条目或截图"
"d107_o02","107","2","PUBLIC_MEDIA_PENDING_TRANSCRIPTION","","","","","","","存在公开菜单/论坛条目或截图"
"d107_o03","107","3","PUBLIC_MEDIA_PENDING_TRANSCRIPTION","","","","","","","存在公开菜单/论坛条目或截图"
"d107_o04","107","4","PUBLIC_MEDIA_PENDING_TRANSCRIPTION","","","","","","","存在公开菜单/论坛条目或截图"
"d107_o05","107","5","PUBLIC_MEDIA_PENDING_TRANSCRIPTION","","","","","","","存在公开菜单/论坛条目或截图"
"d107_o06","107","6","PUBLIC_MEDIA_PENDING_TRANSCRIPTION","","","","","","","存在公开菜单/论坛条目或截图"
"d108_o01","108","1","PUBLIC_MEDIA_PENDING_TRANSCRIPTION","","","","","","","存在公开菜单/论坛条目或截图"
"d108_o02","108","2","PUBLIC_MEDIA_PENDING_TRANSCRIPTION","","","","","","","存在公开菜单/论坛条目或截图"
"d108_o03","108","3","PUBLIC_MEDIA_PENDING_TRANSCRIPTION","","","","","","","存在公开菜单/论坛条目或截图"
"d108_o04","108","4","PUBLIC_MEDIA_PENDING_TRANSCRIPTION","","","","","","","存在公开菜单/论坛条目或截图"
"d108_o05","108","5","PUBLIC_MEDIA_PENDING_TRANSCRIPTION","","","","","","","存在公开菜单/论坛条目或截图"
"d108_o06","108","6","PUBLIC_MEDIA_PENDING_TRANSCRIPTION","","","","","","","存在公开菜单/论坛条目或截图"
"d109_o01","109","1","PUBLIC_MEDIA_PENDING_TRANSCRIPTION","","","","","","","存在公开菜单/论坛条目或截图"
"d109_o02","109","2","PUBLIC_MEDIA_PENDING_TRANSCRIPTION","","","","","","","存在公开菜单/论坛条目或截图"
"d109_o03","109","3","PUBLIC_MEDIA_PENDING_TRANSCRIPTION","","","","","","","存在公开菜单/论坛条目或截图"
"d109_o04","109","4","PUBLIC_MEDIA_PENDING_TRANSCRIPTION","","","","","","","存在公开菜单/论坛条目或截图"
"d109_o05","109","5","PUBLIC_MEDIA_PENDING_TRANSCRIPTION","","","","","","","存在公开菜单/论坛条目或截图"
"d109_o06","109","6","PUBLIC_MEDIA_PENDING_TRANSCRIPTION","","","","","","","存在公开菜单/论坛条目或截图"
"d110_o01","110","1","PUBLIC_MEDIA_PENDING_TRANSCRIPTION","","","","","","","存在公开菜单/论坛条目或截图"
"d110_o02","110","2","PUBLIC_MEDIA_PENDING_TRANSCRIPTION","","","","","","","存在公开菜单/论坛条目或截图"
"d110_o03","110","3","PUBLIC_MEDIA_PENDING_TRANSCRIPTION","","","","","","","存在公开菜单/论坛条目或截图"
"d110_o04","110","4","PUBLIC_MEDIA_PENDING_TRANSCRIPTION","","","","","","","存在公开菜单/论坛条目或截图"
"d110_o05","110","5","PUBLIC_MEDIA_PENDING_TRANSCRIPTION","","","","","","","存在公开菜单/论坛条目或截图"
"d110_o06","110","6","PUBLIC_MEDIA_PENDING_TRANSCRIPTION","","","","","","","存在公开菜单/论坛条目或截图"
