day,entry_story_id,exit_story_id,beat_type,dev_story_focus,status
"1","story_day_001_entry","story_day_001_exit","CHAPTER_OPEN","主角进入待修复美食街，建立经营目标","DEV_BLUEPRINT"
"2","story_day_002_entry","story_day_002_exit","DAILY","顾客日常 + 当日经营目标","DEV_BLUEPRINT"
"3","story_day_003_entry","story_day_003_exit","DAILY","顾客日常 + 当日经营目标","DEV_BLUEPRINT"
"4","story_day_004_entry","story_day_004_exit","DAILY","顾客日常 + 当日经营目标","DEV_BLUEPRINT"
"5","story_day_005_entry","story_day_005_exit","MID","次级人物关系推进 + 建设节点反馈","DEV_BLUEPRINT"
"6","story_day_006_entry","story_day_006_exit","DAILY","顾客日常 + 当日经营目标","DEV_BLUEPRINT"
"7","story_day_007_entry","story_day_007_exit","DAILY","顾客日常 + 当日经营目标","DEV_BLUEPRINT"
"8","story_day_008_entry","story_day_008_exit","DAILY","顾客日常 + 当日经营目标","DEV_BLUEPRINT"
"9","story_day_009_entry","story_day_009_exit","DAILY","顾客日常 + 当日经营目标","DEV_BLUEPRINT"
"10","story_day_010_entry","story_day_010_exit","MAJOR","重要顾客故事推进 + 新系统/新菜系钩子","DEV_BLUEPRINT"
"11","story_day_011_entry","story_day_011_exit","DAILY","顾客日常 + 当日经营目标","DEV_BLUEPRINT"
"12","story_day_012_entry","story_day_012_exit","DAILY","顾客日常 + 当日经营目标","DEV_BLUEPRINT"
"13","story_day_013_entry","story_day_013_exit","DAILY","顾客日常 + 当日经营目标","DEV_BLUEPRINT"
"14","story_day_014_entry","story_day_014_exit","DAILY","顾客日常 + 当日经营目标","DEV_BLUEPRINT"
"15","story_day_015_entry","story_day_015_exit","MID","次级人物关系推进 + 建设节点反馈","DEV_BLUEPRINT"
"16","story_day_016_entry","story_day_016_exit","DAILY","顾客日常 + 当日经营目标","DEV_BLUEPRINT"
"17","story_day_017_entry","story_day_017_exit","DAILY","顾客日常 + 当日经营目标","DEV_BLUEPRINT"
"18","story_day_018_entry","story_day_018_exit","DAILY","顾客日常 + 当日经营目标","DEV_BLUEPRINT"
"19","story_day_019_entry","story_day_019_exit","DAILY","顾客日常 + 当日经营目标","DEV_BLUEPRINT"
"20","story_day_020_entry","story_day_020_exit","AREA_FINALE","完成阶段街区建设，收束区域矛盾并开放下一片区域","DEV_BLUEPRINT"
"21","story_day_021_entry","story_day_021_exit","DAILY","顾客日常 + 当日经营目标","DEV_BLUEPRINT"
"22","story_day_022_entry","story_day_022_exit","DAILY","顾客日常 + 当日经营目标","DEV_BLUEPRINT"
"23","story_day_023_entry","story_day_023_exit","DAILY","顾客日常 + 当日经营目标","DEV_BLUEPRINT"
"24","story_day_024_entry","story_day_024_exit","DAILY","顾客日常 + 当日经营目标","DEV_BLUEPRINT"
"25","story_day_025_entry","story_day_025_exit","MID","次级人物关系推进 + 建设节点反馈","DEV_BLUEPRINT"
"26","story_day_026_entry","story_day_026_exit","DAILY","顾客日常 + 当日经营目标","DEV_BLUEPRINT"
"27","story_day_027_entry","story_day_027_exit","DAILY","顾客日常 + 当日经营目标","DEV_BLUEPRINT"
"28","story_day_028_entry","story_day_028_exit","DAILY","顾客日常 + 当日经营目标","DEV_BLUEPRINT"
"29","story_day_029_entry","story_day_029_exit","DAILY","顾客日常 + 当日经营目标","DEV_BLUEPRINT"
"30","story_day_030_entry","story_day_030_exit","MAJOR","重要顾客故事推进 + 新系统/新菜系钩子","DEV_BLUEPRINT"
"31","story_day_031_entry","story_day_031_exit","DAILY","顾客日常 + 当日经营目标","DEV_BLUEPRINT"
"32","story_day_032_entry","story_day_032_exit","DAILY","顾客日常 + 当日经营目标","DEV_BLUEPRINT"
"33","story_day_033_entry","story_day_033_exit","DAILY","顾客日常 + 当日经营目标","DEV_BLUEPRINT"
"34","story_day_034_entry","story_day_034_exit","DAILY","顾客日常 + 当日经营目标","DEV_BLUEPRINT"
"35","story_day_035_entry","story_day_035_exit","MID","次级人物关系推进 + 建设节点反馈","DEV_BLUEPRINT"
"36","story_day_036_entry","story_day_036_exit","DAILY","顾客日常 + 当日经营目标","DEV_BLUEPRINT"
"37","story_day_037_entry","story_day_037_exit","DAILY","顾客日常 + 当日经营目标","DEV_BLUEPRINT"
"38","story_day_038_entry","story_day_038_exit","DAILY","顾客日常 + 当日经营目标","DEV_BLUEPRINT"
"39","story_day_039_entry","story_day_039_exit","DAILY","顾客日常 + 当日经营目标","DEV_BLUEPRINT"
"40","story_day_040_entry","story_day_040_exit","AREA_FINALE","完成阶段街区建设，收束区域矛盾并开放下一片区域","DEV_BLUEPRINT"
"41","story_day_041_entry","story_day_041_exit","DAILY","顾客日常 + 当日经营目标","DEV_BLUEPRINT"
"42","story_day_042_entry","story_day_042_exit","DAILY","顾客日常 + 当日经营目标","DEV_BLUEPRINT"
"43","story_day_043_entry","story_day_043_exit","DAILY","顾客日常 + 当日经营目标","DEV_BLUEPRINT"
"44","story_day_044_entry","story_day_044_exit","DAILY","顾客日常 + 当日经营目标","DEV_BLUEPRINT"
"45","story_day_045_entry","story_day_045_exit","MID","次级人物关系推进 + 建设节点反馈","DEV_BLUEPRINT"
"46","story_day_046_entry","story_day_046_exit","DAILY","顾客日常 + 当日经营目标","DEV_BLUEPRINT"
"47","story_day_047_entry","story_day_047_exit","DAILY","顾客日常 + 当日经营目标","DEV_BLUEPRINT"
"48","story_day_048_entry","story_day_048_exit","DAILY","顾客日常 + 当日经营目标","DEV_BLUEPRINT"
"49","story_day_049_entry","story_day_049_exit","DAILY","顾客日常 + 当日经营目标","DEV_BLUEPRINT"
"50","story_day_050_entry","story_day_050_exit","MAJOR","重要顾客故事推进 + 新系统/新菜系钩子","DEV_BLUEPRINT"
"51","story_day_051_entry","story_day_051_exit","DAILY","顾客日常 + 当日经营目标","DEV_BLUEPRINT"
"52","story_day_052_entry","story_day_052_exit","DAILY","顾客日常 + 当日经营目标","DEV_BLUEPRINT"
"53","story_day_053_entry","story_day_053_exit","DAILY","顾客日常 + 当日经营目标","DEV_BLUEPRINT"
"54","story_day_054_entry","story_day_054_exit","DAILY","顾客日常 + 当日经营目标","DEV_BLUEPRINT"
"55","story_day_055_entry","story_day_055_exit","MID","次级人物关系推进 + 建设节点反馈","DEV_BLUEPRINT"
"56","story_day_056_entry","story_day_056_exit","DAILY","顾客日常 + 当日经营目标","DEV_BLUEPRINT"
"57","story_day_057_entry","story_day_057_exit","DAILY","顾客日常 + 当日经营目标","DEV_BLUEPRINT"
"58","story_day_058_entry","story_day_058_exit","DAILY","顾客日常 + 当日经营目标","DEV_BLUEPRINT"
"59","story_day_059_entry","story_day_059_exit","DAILY","顾客日常 + 当日经营目标","DEV_BLUEPRINT"
"60","story_day_060_entry","story_day_060_exit","AREA_FINALE","完成阶段街区建设，收束区域矛盾并开放下一片区域","DEV_BLUEPRINT"
"61","story_day_061_entry","story_day_061_exit","DAILY","顾客日常 + 当日经营目标","DEV_BLUEPRINT"
"62","story_day_062_entry","story_day_062_exit","DAILY","顾客日常 + 当日经营目标","DEV_BLUEPRINT"
"63","story_day_063_entry","story_day_063_exit","DAILY","顾客日常 + 当日经营目标","DEV_BLUEPRINT"
"64","story_day_064_entry","story_day_064_exit","DAILY","顾客日常 + 当日经营目标","DEV_BLUEPRINT"
"65","story_day_065_entry","story_day_065_exit","MID","次级人物关系推进 + 建设节点反馈","DEV_BLUEPRINT"
"66","story_day_066_entry","story_day_066_exit","DAILY","顾客日常 + 当日经营目标","DEV_BLUEPRINT"
"67","story_day_067_entry","story_day_067_exit","DAILY","顾客日常 + 当日经营目标","DEV_BLUEPRINT"
"68","story_day_068_entry","story_day_068_exit","DAILY","顾客日常 + 当日经营目标","DEV_BLUEPRINT"
"69","story_day_069_entry","story_day_069_exit","DAILY","顾客日常 + 当日经营目标","DEV_BLUEPRINT"
"70","story_day_070_entry","story_day_070_exit","MAJOR","重要顾客故事推进 + 新系统/新菜系钩子","DEV_BLUEPRINT"
"71","story_day_071_entry","story_day_071_exit","DAILY","顾客日常 + 当日经营目标","DEV_BLUEPRINT"
"72","story_day_072_entry","story_day_072_exit","DAILY","顾客日常 + 当日经营目标","DEV_BLUEPRINT"
"73","story_day_073_entry","story_day_073_exit","DAILY","顾客日常 + 当日经营目标","DEV_BLUEPRINT"
"74","story_day_074_entry","story_day_074_exit","DAILY","顾客日常 + 当日经营目标","DEV_BLUEPRINT"
"75","story_day_075_entry","story_day_075_exit","MID","次级人物关系推进 + 建设节点反馈","DEV_BLUEPRINT"
"76","story_day_076_entry","story_day_076_exit","DAILY","顾客日常 + 当日经营目标","DEV_BLUEPRINT"
"77","story_day_077_entry","story_day_077_exit","DAILY","顾客日常 + 当日经营目标","DEV_BLUEPRINT"
"78","story_day_078_entry","story_day_078_exit","DAILY","顾客日常 + 当日经营目标","DEV_BLUEPRINT"
"79","story_day_079_entry","story_day_079_exit","DAILY","顾客日常 + 当日经营目标","DEV_BLUEPRINT"
"80","story_day_080_entry","story_day_080_exit","AREA_FINALE","完成阶段街区建设，收束区域矛盾并开放下一片区域","DEV_BLUEPRINT"
"81","story_day_081_entry","story_day_081_exit","DAILY","顾客日常 + 当日经营目标","DEV_BLUEPRINT"
"82","story_day_082_entry","story_day_082_exit","DAILY","顾客日常 + 当日经营目标","DEV_BLUEPRINT"
"83","story_day_083_entry","story_day_083_exit","DAILY","顾客日常 + 当日经营目标","DEV_BLUEPRINT"
"84","story_day_084_entry","story_day_084_exit","DAILY","顾客日常 + 当日经营目标","DEV_BLUEPRINT"
"85","story_day_085_entry","story_day_085_exit","MID","次级人物关系推进 + 建设节点反馈","DEV_BLUEPRINT"
"86","story_day_086_entry","story_day_086_exit","DAILY","顾客日常 + 当日经营目标","DEV_BLUEPRINT"
"87","story_day_087_entry","story_day_087_exit","DAILY","顾客日常 + 当日经营目标","DEV_BLUEPRINT"
"88","story_day_088_entry","story_day_088_exit","DAILY","顾客日常 + 当日经营目标","DEV_BLUEPRINT"
"89","story_day_089_entry","story_day_089_exit","DAILY","顾客日常 + 当日经营目标","DEV_BLUEPRINT"
"90","story_day_090_entry","story_day_090_exit","MAJOR","重要顾客故事推进 + 新系统/新菜系钩子","DEV_BLUEPRINT"
"91","story_day_091_entry","story_day_091_exit","DAILY","顾客日常 + 当日经营目标","DEV_BLUEPRINT"
"92","story_day_092_entry","story_day_092_exit","DAILY","顾客日常 + 当日经营目标","DEV_BLUEPRINT"
"93","story_day_093_entry","story_day_093_exit","DAILY","顾客日常 + 当日经营目标","DEV_BLUEPRINT"
"94","story_day_094_entry","story_day_094_exit","DAILY","顾客日常 + 当日经营目标","DEV_BLUEPRINT"
"95","story_day_095_entry","story_day_095_exit","MID","次级人物关系推进 + 建设节点反馈","DEV_BLUEPRINT"
"96","story_day_096_entry","story_day_096_exit","DAILY","顾客日常 + 当日经营目标","DEV_BLUEPRINT"
"97","story_day_097_entry","story_day_097_exit","DAILY","顾客日常 + 当日经营目标","DEV_BLUEPRINT"
"98","story_day_098_entry","story_day_098_exit","DAILY","顾客日常 + 当日经营目标","DEV_BLUEPRINT"
"99","story_day_099_entry","story_day_099_exit","DAILY","顾客日常 + 当日经营目标","DEV_BLUEPRINT"
"100","story_day_100_entry","story_day_100_exit","AREA_FINALE","完成阶段街区建设，收束区域矛盾并开放下一片区域","DEV_BLUEPRINT"
"101","story_day_101_entry","story_day_101_exit","DAILY","顾客日常 + 当日经营目标","DEV_BLUEPRINT"
"102","story_day_102_entry","story_day_102_exit","DAILY","顾客日常 + 当日经营目标","DEV_BLUEPRINT"
"103","story_day_103_entry","story_day_103_exit","DAILY","顾客日常 + 当日经营目标","DEV_BLUEPRINT"
"104","story_day_104_entry","story_day_104_exit","DAILY","顾客日常 + 当日经营目标","DEV_BLUEPRINT"
"105","story_day_105_entry","story_day_105_exit","MID","次级人物关系推进 + 建设节点反馈","DEV_BLUEPRINT"
"106","story_day_106_entry","story_day_106_exit","DAILY","顾客日常 + 当日经营目标","DEV_BLUEPRINT"
"107","story_day_107_entry","story_day_107_exit","DAILY","顾客日常 + 当日经营目标","DEV_BLUEPRINT"
"108","story_day_108_entry","story_day_108_exit","DAILY","顾客日常 + 当日经营目标","DEV_BLUEPRINT"
"109","story_day_109_entry","story_day_109_exit","DAILY","顾客日常 + 当日经营目标","DEV_BLUEPRINT"
"110","story_day_110_entry","story_day_110_exit","MAJOR","重要顾客故事推进 + 新系统/新菜系钩子","DEV_BLUEPRINT"